schema,name,role,privilege,allowed
battle_spectator_media_private,config,anon,DELETE,False
battle_spectator_media_private,config,anon,INSERT,False
battle_spectator_media_private,config,anon,MAINTAIN,False
battle_spectator_media_private,config,anon,REFERENCES,False
battle_spectator_media_private,config,anon,SELECT,False
battle_spectator_media_private,config,anon,TRIGGER,False
battle_spectator_media_private,config,anon,TRUNCATE,False
battle_spectator_media_private,config,anon,UPDATE,False
battle_spectator_media_private,config,authenticated,DELETE,False
battle_spectator_media_private,config,authenticated,INSERT,False
battle_spectator_media_private,config,authenticated,MAINTAIN,False
battle_spectator_media_private,config,authenticated,REFERENCES,False
battle_spectator_media_private,config,authenticated,SELECT,False
battle_spectator_media_private,config,authenticated,TRIGGER,False
battle_spectator_media_private,config,authenticated,TRUNCATE,False
battle_spectator_media_private,config,authenticated,UPDATE,False
battle_spectator_media_private,config,service_role,DELETE,False
battle_spectator_media_private,config,service_role,INSERT,False
battle_spectator_media_private,config,service_role,MAINTAIN,False
battle_spectator_media_private,config,service_role,REFERENCES,False
battle_spectator_media_private,config,service_role,SELECT,False
battle_spectator_media_private,config,service_role,TRIGGER,False
battle_spectator_media_private,config,service_role,TRUNCATE,False
battle_spectator_media_private,config,service_role,UPDATE,False
battle_spectator_media_private,consents,anon,DELETE,False
battle_spectator_media_private,consents,anon,INSERT,False
battle_spectator_media_private,consents,anon,MAINTAIN,False
battle_spectator_media_private,consents,anon,REFERENCES,False
battle_spectator_media_private,consents,anon,SELECT,False
battle_spectator_media_private,consents,anon,TRIGGER,False
battle_spectator_media_private,consents,anon,TRUNCATE,False
battle_spectator_media_private,consents,anon,UPDATE,False
battle_spectator_media_private,consents,authenticated,DELETE,False
battle_spectator_media_private,consents,authenticated,INSERT,False
battle_spectator_media_private,consents,authenticated,MAINTAIN,False
battle_spectator_media_private,consents,authenticated,REFERENCES,False
battle_spectator_media_private,consents,authenticated,SELECT,False
battle_spectator_media_private,consents,authenticated,TRIGGER,False
battle_spectator_media_private,consents,authenticated,TRUNCATE,False
battle_spectator_media_private,consents,authenticated,UPDATE,False
battle_spectator_media_private,consents,service_role,DELETE,False
battle_spectator_media_private,consents,service_role,INSERT,False
battle_spectator_media_private,consents,service_role,MAINTAIN,False
battle_spectator_media_private,consents,service_role,REFERENCES,False
battle_spectator_media_private,consents,service_role,SELECT,False
battle_spectator_media_private,consents,service_role,TRIGGER,False
battle_spectator_media_private,consents,service_role,TRUNCATE,False
battle_spectator_media_private,consents,service_role,UPDATE,False
battle_spectator_media_private,epochs,anon,DELETE,False
battle_spectator_media_private,epochs,anon,INSERT,False
battle_spectator_media_private,epochs,anon,MAINTAIN,False
battle_spectator_media_private,epochs,anon,REFERENCES,False
battle_spectator_media_private,epochs,anon,SELECT,False
battle_spectator_media_private,epochs,anon,TRIGGER,False
battle_spectator_media_private,epochs,anon,TRUNCATE,False
battle_spectator_media_private,epochs,anon,UPDATE,False
battle_spectator_media_private,epochs,authenticated,DELETE,False
battle_spectator_media_private,epochs,authenticated,INSERT,False
battle_spectator_media_private,epochs,authenticated,MAINTAIN,False
battle_spectator_media_private,epochs,authenticated,REFERENCES,False
battle_spectator_media_private,epochs,authenticated,SELECT,False
battle_spectator_media_private,epochs,authenticated,TRIGGER,False
battle_spectator_media_private,epochs,authenticated,TRUNCATE,False
battle_spectator_media_private,epochs,authenticated,UPDATE,False
battle_spectator_media_private,epochs,service_role,DELETE,False
battle_spectator_media_private,epochs,service_role,INSERT,False
battle_spectator_media_private,epochs,service_role,MAINTAIN,False
battle_spectator_media_private,epochs,service_role,REFERENCES,False
battle_spectator_media_private,epochs,service_role,SELECT,False
battle_spectator_media_private,epochs,service_role,TRIGGER,False
battle_spectator_media_private,epochs,service_role,TRUNCATE,False
battle_spectator_media_private,epochs,service_role,UPDATE,False
battle_spectator_media_private,revocations,anon,DELETE,False
battle_spectator_media_private,revocations,anon,INSERT,False
battle_spectator_media_private,revocations,anon,MAINTAIN,False
battle_spectator_media_private,revocations,anon,REFERENCES,False
battle_spectator_media_private,revocations,anon,SELECT,False
battle_spectator_media_private,revocations,anon,TRIGGER,False
battle_spectator_media_private,revocations,anon,TRUNCATE,False
battle_spectator_media_private,revocations,anon,UPDATE,False
battle_spectator_media_private,revocations,authenticated,DELETE,False
battle_spectator_media_private,revocations,authenticated,INSERT,False
battle_spectator_media_private,revocations,authenticated,MAINTAIN,False
battle_spectator_media_private,revocations,authenticated,REFERENCES,False
battle_spectator_media_private,revocations,authenticated,SELECT,False
battle_spectator_media_private,revocations,authenticated,TRIGGER,False
battle_spectator_media_private,revocations,authenticated,TRUNCATE,False
battle_spectator_media_private,revocations,authenticated,UPDATE,False
battle_spectator_media_private,revocations,service_role,DELETE,False
battle_spectator_media_private,revocations,service_role,INSERT,False
battle_spectator_media_private,revocations,service_role,MAINTAIN,False
battle_spectator_media_private,revocations,service_role,REFERENCES,False
battle_spectator_media_private,revocations,service_role,SELECT,False
battle_spectator_media_private,revocations,service_role,TRIGGER,False
battle_spectator_media_private,revocations,service_role,TRUNCATE,False
battle_spectator_media_private,revocations,service_role,UPDATE,False
battle_spectator_private,grants,anon,DELETE,False
battle_spectator_private,grants,anon,INSERT,False
battle_spectator_private,grants,anon,MAINTAIN,False
battle_spectator_private,grants,anon,REFERENCES,False
battle_spectator_private,grants,anon,SELECT,False
battle_spectator_private,grants,anon,TRIGGER,False
battle_spectator_private,grants,anon,TRUNCATE,False
battle_spectator_private,grants,anon,UPDATE,False
battle_spectator_private,grants,authenticated,DELETE,False
battle_spectator_private,grants,authenticated,INSERT,False
battle_spectator_private,grants,authenticated,MAINTAIN,False
battle_spectator_private,grants,authenticated,REFERENCES,False
battle_spectator_private,grants,authenticated,SELECT,False
battle_spectator_private,grants,authenticated,TRIGGER,False
battle_spectator_private,grants,authenticated,TRUNCATE,False
battle_spectator_private,grants,authenticated,UPDATE,False
battle_spectator_private,grants,service_role,DELETE,False
battle_spectator_private,grants,service_role,INSERT,False
battle_spectator_private,grants,service_role,MAINTAIN,False
battle_spectator_private,grants,service_role,REFERENCES,False
battle_spectator_private,grants,service_role,SELECT,False
battle_spectator_private,grants,service_role,TRIGGER,False
battle_spectator_private,grants,service_role,TRUNCATE,False
battle_spectator_private,grants,service_role,UPDATE,False
battle_spectator_private,links,anon,DELETE,False
battle_spectator_private,links,anon,INSERT,False
battle_spectator_private,links,anon,MAINTAIN,False
battle_spectator_private,links,anon,REFERENCES,False
battle_spectator_private,links,anon,SELECT,False
battle_spectator_private,links,anon,TRIGGER,False
battle_spectator_private,links,anon,TRUNCATE,False
battle_spectator_private,links,anon,UPDATE,False
battle_spectator_private,links,authenticated,DELETE,False
battle_spectator_private,links,authenticated,INSERT,False
battle_spectator_private,links,authenticated,MAINTAIN,False
battle_spectator_private,links,authenticated,REFERENCES,False
battle_spectator_private,links,authenticated,SELECT,False
battle_spectator_private,links,authenticated,TRIGGER,False
battle_spectator_private,links,authenticated,TRUNCATE,False
battle_spectator_private,links,authenticated,UPDATE,False
battle_spectator_private,links,service_role,DELETE,False
battle_spectator_private,links,service_role,INSERT,False
battle_spectator_private,links,service_role,MAINTAIN,False
battle_spectator_private,links,service_role,REFERENCES,False
battle_spectator_private,links,service_role,SELECT,False
battle_spectator_private,links,service_role,TRIGGER,False
battle_spectator_private,links,service_role,TRUNCATE,False
battle_spectator_private,links,service_role,UPDATE,False
battle_spectator_private,presence,anon,DELETE,False
battle_spectator_private,presence,anon,INSERT,False
battle_spectator_private,presence,anon,MAINTAIN,False
battle_spectator_private,presence,anon,REFERENCES,False
battle_spectator_private,presence,anon,SELECT,False
battle_spectator_private,presence,anon,TRIGGER,False
battle_spectator_private,presence,anon,TRUNCATE,False
battle_spectator_private,presence,anon,UPDATE,False
battle_spectator_private,presence,authenticated,DELETE,False
battle_spectator_private,presence,authenticated,INSERT,False
battle_spectator_private,presence,authenticated,MAINTAIN,False
battle_spectator_private,presence,authenticated,REFERENCES,False
battle_spectator_private,presence,authenticated,SELECT,False
battle_spectator_private,presence,authenticated,TRIGGER,False
battle_spectator_private,presence,authenticated,TRUNCATE,False
battle_spectator_private,presence,authenticated,UPDATE,False
battle_spectator_private,presence,service_role,DELETE,False
battle_spectator_private,presence,service_role,INSERT,False
battle_spectator_private,presence,service_role,MAINTAIN,False
battle_spectator_private,presence,service_role,REFERENCES,False
battle_spectator_private,presence,service_role,SELECT,False
battle_spectator_private,presence,service_role,TRIGGER,False
battle_spectator_private,presence,service_role,TRUNCATE,False
battle_spectator_private,presence,service_role,UPDATE,False
dv_market_private,account_data_rights_audit,anon,DELETE,False
dv_market_private,account_data_rights_audit,anon,INSERT,False
dv_market_private,account_data_rights_audit,anon,MAINTAIN,False
dv_market_private,account_data_rights_audit,anon,REFERENCES,False
dv_market_private,account_data_rights_audit,anon,SELECT,False
dv_market_private,account_data_rights_audit,anon,TRIGGER,False
dv_market_private,account_data_rights_audit,anon,TRUNCATE,False
dv_market_private,account_data_rights_audit,anon,UPDATE,False
dv_market_private,account_data_rights_audit,authenticated,DELETE,False
dv_market_private,account_data_rights_audit,authenticated,INSERT,False
dv_market_private,account_data_rights_audit,authenticated,MAINTAIN,False
dv_market_private,account_data_rights_audit,authenticated,REFERENCES,False
dv_market_private,account_data_rights_audit,authenticated,SELECT,False
dv_market_private,account_data_rights_audit,authenticated,TRIGGER,False
dv_market_private,account_data_rights_audit,authenticated,TRUNCATE,False
dv_market_private,account_data_rights_audit,authenticated,UPDATE,False
dv_market_private,account_data_rights_audit,service_role,DELETE,False
dv_market_private,account_data_rights_audit,service_role,INSERT,False
dv_market_private,account_data_rights_audit,service_role,MAINTAIN,False
dv_market_private,account_data_rights_audit,service_role,REFERENCES,False
dv_market_private,account_data_rights_audit,service_role,SELECT,False
dv_market_private,account_data_rights_audit,service_role,TRIGGER,False
dv_market_private,account_data_rights_audit,service_role,TRUNCATE,False
dv_market_private,account_data_rights_audit,service_role,UPDATE,False
dv_market_private,account_deletion_holds,anon,DELETE,False
dv_market_private,account_deletion_holds,anon,INSERT,False
dv_market_private,account_deletion_holds,anon,MAINTAIN,False
dv_market_private,account_deletion_holds,anon,REFERENCES,False
dv_market_private,account_deletion_holds,anon,SELECT,False
dv_market_private,account_deletion_holds,anon,TRIGGER,False
dv_market_private,account_deletion_holds,anon,TRUNCATE,False
dv_market_private,account_deletion_holds,anon,UPDATE,False
dv_market_private,account_deletion_holds,authenticated,DELETE,False
dv_market_private,account_deletion_holds,authenticated,INSERT,False
dv_market_private,account_deletion_holds,authenticated,MAINTAIN,False
dv_market_private,account_deletion_holds,authenticated,REFERENCES,False
dv_market_private,account_deletion_holds,authenticated,SELECT,False
dv_market_private,account_deletion_holds,authenticated,TRIGGER,False
dv_market_private,account_deletion_holds,authenticated,TRUNCATE,False
dv_market_private,account_deletion_holds,authenticated,UPDATE,False
dv_market_private,account_deletion_holds,service_role,DELETE,False
dv_market_private,account_deletion_holds,service_role,INSERT,False
dv_market_private,account_deletion_holds,service_role,MAINTAIN,False
dv_market_private,account_deletion_holds,service_role,REFERENCES,False
dv_market_private,account_deletion_holds,service_role,SELECT,False
dv_market_private,account_deletion_holds,service_role,TRIGGER,False
dv_market_private,account_deletion_holds,service_role,TRUNCATE,False
dv_market_private,account_deletion_holds,service_role,UPDATE,False
dv_market_private,account_deletion_requests,anon,DELETE,False
dv_market_private,account_deletion_requests,anon,INSERT,False
dv_market_private,account_deletion_requests,anon,MAINTAIN,False
dv_market_private,account_deletion_requests,anon,REFERENCES,False
dv_market_private,account_deletion_requests,anon,SELECT,False
dv_market_private,account_deletion_requests,anon,TRIGGER,False
dv_market_private,account_deletion_requests,anon,TRUNCATE,False
dv_market_private,account_deletion_requests,anon,UPDATE,False
dv_market_private,account_deletion_requests,authenticated,DELETE,False
dv_market_private,account_deletion_requests,authenticated,INSERT,False
dv_market_private,account_deletion_requests,authenticated,MAINTAIN,False
dv_market_private,account_deletion_requests,authenticated,REFERENCES,False
dv_market_private,account_deletion_requests,authenticated,SELECT,False
dv_market_private,account_deletion_requests,authenticated,TRIGGER,False
dv_market_private,account_deletion_requests,authenticated,TRUNCATE,False
dv_market_private,account_deletion_requests,authenticated,UPDATE,False
dv_market_private,account_deletion_requests,service_role,DELETE,False
dv_market_private,account_deletion_requests,service_role,INSERT,False
dv_market_private,account_deletion_requests,service_role,MAINTAIN,False
dv_market_private,account_deletion_requests,service_role,REFERENCES,False
dv_market_private,account_deletion_requests,service_role,SELECT,False
dv_market_private,account_deletion_requests,service_role,TRIGGER,False
dv_market_private,account_deletion_requests,service_role,TRUNCATE,False
dv_market_private,account_deletion_requests,service_role,UPDATE,False
dv_market_private,data_retention_rules,anon,DELETE,False
dv_market_private,data_retention_rules,anon,INSERT,False
dv_market_private,data_retention_rules,anon,MAINTAIN,False
dv_market_private,data_retention_rules,anon,REFERENCES,False
dv_market_private,data_retention_rules,anon,SELECT,False
dv_market_private,data_retention_rules,anon,TRIGGER,False
dv_market_private,data_retention_rules,anon,TRUNCATE,False
dv_market_private,data_retention_rules,anon,UPDATE,False
dv_market_private,data_retention_rules,authenticated,DELETE,False
dv_market_private,data_retention_rules,authenticated,INSERT,False
dv_market_private,data_retention_rules,authenticated,MAINTAIN,False
dv_market_private,data_retention_rules,authenticated,REFERENCES,False
dv_market_private,data_retention_rules,authenticated,SELECT,False
dv_market_private,data_retention_rules,authenticated,TRIGGER,False
dv_market_private,data_retention_rules,authenticated,TRUNCATE,False
dv_market_private,data_retention_rules,authenticated,UPDATE,False
dv_market_private,data_retention_rules,service_role,DELETE,False
dv_market_private,data_retention_rules,service_role,INSERT,False
dv_market_private,data_retention_rules,service_role,MAINTAIN,False
dv_market_private,data_retention_rules,service_role,REFERENCES,False
dv_market_private,data_retention_rules,service_role,SELECT,False
dv_market_private,data_retention_rules,service_role,TRIGGER,False
dv_market_private,data_retention_rules,service_role,TRUNCATE,False
dv_market_private,data_retention_rules,service_role,UPDATE,False
dv_market_private,listing_notice_appeals,anon,DELETE,False
dv_market_private,listing_notice_appeals,anon,INSERT,False
dv_market_private,listing_notice_appeals,anon,MAINTAIN,False
dv_market_private,listing_notice_appeals,anon,REFERENCES,False
dv_market_private,listing_notice_appeals,anon,SELECT,False
dv_market_private,listing_notice_appeals,anon,TRIGGER,False
dv_market_private,listing_notice_appeals,anon,TRUNCATE,False
dv_market_private,listing_notice_appeals,anon,UPDATE,False
dv_market_private,listing_notice_appeals,authenticated,DELETE,False
dv_market_private,listing_notice_appeals,authenticated,INSERT,False
dv_market_private,listing_notice_appeals,authenticated,MAINTAIN,False
dv_market_private,listing_notice_appeals,authenticated,REFERENCES,False
dv_market_private,listing_notice_appeals,authenticated,SELECT,False
dv_market_private,listing_notice_appeals,authenticated,TRIGGER,False
dv_market_private,listing_notice_appeals,authenticated,TRUNCATE,False
dv_market_private,listing_notice_appeals,authenticated,UPDATE,False
dv_market_private,listing_notice_appeals,service_role,DELETE,False
dv_market_private,listing_notice_appeals,service_role,INSERT,False
dv_market_private,listing_notice_appeals,service_role,MAINTAIN,False
dv_market_private,listing_notice_appeals,service_role,REFERENCES,False
dv_market_private,listing_notice_appeals,service_role,SELECT,False
dv_market_private,listing_notice_appeals,service_role,TRIGGER,False
dv_market_private,listing_notice_appeals,service_role,TRUNCATE,False
dv_market_private,listing_notice_appeals,service_role,UPDATE,False
dv_market_private,listing_notice_events,anon,DELETE,False
dv_market_private,listing_notice_events,anon,INSERT,False
dv_market_private,listing_notice_events,anon,MAINTAIN,False
dv_market_private,listing_notice_events,anon,REFERENCES,False
dv_market_private,listing_notice_events,anon,SELECT,False
dv_market_private,listing_notice_events,anon,TRIGGER,False
dv_market_private,listing_notice_events,anon,TRUNCATE,False
dv_market_private,listing_notice_events,anon,UPDATE,False
dv_market_private,listing_notice_events,authenticated,DELETE,False
dv_market_private,listing_notice_events,authenticated,INSERT,False
dv_market_private,listing_notice_events,authenticated,MAINTAIN,False
dv_market_private,listing_notice_events,authenticated,REFERENCES,False
dv_market_private,listing_notice_events,authenticated,SELECT,False
dv_market_private,listing_notice_events,authenticated,TRIGGER,False
dv_market_private,listing_notice_events,authenticated,TRUNCATE,False
dv_market_private,listing_notice_events,authenticated,UPDATE,False
dv_market_private,listing_notice_events,service_role,DELETE,False
dv_market_private,listing_notice_events,service_role,INSERT,False
dv_market_private,listing_notice_events,service_role,MAINTAIN,False
dv_market_private,listing_notice_events,service_role,REFERENCES,False
dv_market_private,listing_notice_events,service_role,SELECT,False
dv_market_private,listing_notice_events,service_role,TRIGGER,False
dv_market_private,listing_notice_events,service_role,TRUNCATE,False
dv_market_private,listing_notice_events,service_role,UPDATE,False
dv_market_private,listing_notices,anon,DELETE,False
dv_market_private,listing_notices,anon,INSERT,False
dv_market_private,listing_notices,anon,MAINTAIN,False
dv_market_private,listing_notices,anon,REFERENCES,False
dv_market_private,listing_notices,anon,SELECT,False
dv_market_private,listing_notices,anon,TRIGGER,False
dv_market_private,listing_notices,anon,TRUNCATE,False
dv_market_private,listing_notices,anon,UPDATE,False
dv_market_private,listing_notices,authenticated,DELETE,False
dv_market_private,listing_notices,authenticated,INSERT,False
dv_market_private,listing_notices,authenticated,MAINTAIN,False
dv_market_private,listing_notices,authenticated,REFERENCES,False
dv_market_private,listing_notices,authenticated,SELECT,False
dv_market_private,listing_notices,authenticated,TRIGGER,False
dv_market_private,listing_notices,authenticated,TRUNCATE,False
dv_market_private,listing_notices,authenticated,UPDATE,False
dv_market_private,listing_notices,service_role,DELETE,False
dv_market_private,listing_notices,service_role,INSERT,False
dv_market_private,listing_notices,service_role,MAINTAIN,False
dv_market_private,listing_notices,service_role,REFERENCES,False
dv_market_private,listing_notices,service_role,SELECT,False
dv_market_private,listing_notices,service_role,TRIGGER,False
dv_market_private,listing_notices,service_role,TRUNCATE,False
dv_market_private,listing_notices,service_role,UPDATE,False
dv_market_private,market_contract_snapshots,anon,DELETE,False
dv_market_private,market_contract_snapshots,anon,INSERT,False
dv_market_private,market_contract_snapshots,anon,MAINTAIN,False
dv_market_private,market_contract_snapshots,anon,REFERENCES,False
dv_market_private,market_contract_snapshots,anon,SELECT,False
dv_market_private,market_contract_snapshots,anon,TRIGGER,False
dv_market_private,market_contract_snapshots,anon,TRUNCATE,False
dv_market_private,market_contract_snapshots,anon,UPDATE,False
dv_market_private,market_contract_snapshots,authenticated,DELETE,False
dv_market_private,market_contract_snapshots,authenticated,INSERT,False
dv_market_private,market_contract_snapshots,authenticated,MAINTAIN,False
dv_market_private,market_contract_snapshots,authenticated,REFERENCES,False
dv_market_private,market_contract_snapshots,authenticated,SELECT,False
dv_market_private,market_contract_snapshots,authenticated,TRIGGER,False
dv_market_private,market_contract_snapshots,authenticated,TRUNCATE,False
dv_market_private,market_contract_snapshots,authenticated,UPDATE,False
dv_market_private,market_contract_snapshots,service_role,DELETE,False
dv_market_private,market_contract_snapshots,service_role,INSERT,False
dv_market_private,market_contract_snapshots,service_role,MAINTAIN,False
dv_market_private,market_contract_snapshots,service_role,REFERENCES,False
dv_market_private,market_contract_snapshots,service_role,SELECT,False
dv_market_private,market_contract_snapshots,service_role,TRIGGER,False
dv_market_private,market_contract_snapshots,service_role,TRUNCATE,False
dv_market_private,market_contract_snapshots,service_role,UPDATE,False
dv_market_private,market_financial_documents,anon,DELETE,False
dv_market_private,market_financial_documents,anon,INSERT,False
dv_market_private,market_financial_documents,anon,MAINTAIN,False
dv_market_private,market_financial_documents,anon,REFERENCES,False
dv_market_private,market_financial_documents,anon,SELECT,False
dv_market_private,market_financial_documents,anon,TRIGGER,False
dv_market_private,market_financial_documents,anon,TRUNCATE,False
dv_market_private,market_financial_documents,anon,UPDATE,False
dv_market_private,market_financial_documents,authenticated,DELETE,False
dv_market_private,market_financial_documents,authenticated,INSERT,False
dv_market_private,market_financial_documents,authenticated,MAINTAIN,False
dv_market_private,market_financial_documents,authenticated,REFERENCES,False
dv_market_private,market_financial_documents,authenticated,SELECT,False
dv_market_private,market_financial_documents,authenticated,TRIGGER,False
dv_market_private,market_financial_documents,authenticated,TRUNCATE,False
dv_market_private,market_financial_documents,authenticated,UPDATE,False
dv_market_private,market_financial_documents,service_role,DELETE,False
dv_market_private,market_financial_documents,service_role,INSERT,False
dv_market_private,market_financial_documents,service_role,MAINTAIN,False
dv_market_private,market_financial_documents,service_role,REFERENCES,False
dv_market_private,market_financial_documents,service_role,SELECT,False
dv_market_private,market_financial_documents,service_role,TRIGGER,False
dv_market_private,market_financial_documents,service_role,TRUNCATE,False
dv_market_private,market_financial_documents,service_role,UPDATE,False
dv_market_private,market_invoice_authorizations,anon,DELETE,False
dv_market_private,market_invoice_authorizations,anon,INSERT,False
dv_market_private,market_invoice_authorizations,anon,MAINTAIN,False
dv_market_private,market_invoice_authorizations,anon,REFERENCES,False
dv_market_private,market_invoice_authorizations,anon,SELECT,False
dv_market_private,market_invoice_authorizations,anon,TRIGGER,False
dv_market_private,market_invoice_authorizations,anon,TRUNCATE,False
dv_market_private,market_invoice_authorizations,anon,UPDATE,False
dv_market_private,market_invoice_authorizations,authenticated,DELETE,False
dv_market_private,market_invoice_authorizations,authenticated,INSERT,False
dv_market_private,market_invoice_authorizations,authenticated,MAINTAIN,False
dv_market_private,market_invoice_authorizations,authenticated,REFERENCES,False
dv_market_private,market_invoice_authorizations,authenticated,SELECT,False
dv_market_private,market_invoice_authorizations,authenticated,TRIGGER,False
dv_market_private,market_invoice_authorizations,authenticated,TRUNCATE,False
dv_market_private,market_invoice_authorizations,authenticated,UPDATE,False
dv_market_private,market_invoice_authorizations,service_role,DELETE,False
dv_market_private,market_invoice_authorizations,service_role,INSERT,False
dv_market_private,market_invoice_authorizations,service_role,MAINTAIN,False
dv_market_private,market_invoice_authorizations,service_role,REFERENCES,False
dv_market_private,market_invoice_authorizations,service_role,SELECT,False
dv_market_private,market_invoice_authorizations,service_role,TRIGGER,False
dv_market_private,market_invoice_authorizations,service_role,TRUNCATE,False
dv_market_private,market_invoice_authorizations,service_role,UPDATE,False
dv_market_private,market_payment_allocations,anon,DELETE,False
dv_market_private,market_payment_allocations,anon,INSERT,False
dv_market_private,market_payment_allocations,anon,MAINTAIN,False
dv_market_private,market_payment_allocations,anon,REFERENCES,False
dv_market_private,market_payment_allocations,anon,SELECT,False
dv_market_private,market_payment_allocations,anon,TRIGGER,False
dv_market_private,market_payment_allocations,anon,TRUNCATE,False
dv_market_private,market_payment_allocations,anon,UPDATE,False
dv_market_private,market_payment_allocations,authenticated,DELETE,False
dv_market_private,market_payment_allocations,authenticated,INSERT,False
dv_market_private,market_payment_allocations,authenticated,MAINTAIN,False
dv_market_private,market_payment_allocations,authenticated,REFERENCES,False
dv_market_private,market_payment_allocations,authenticated,SELECT,False
dv_market_private,market_payment_allocations,authenticated,TRIGGER,False
dv_market_private,market_payment_allocations,authenticated,TRUNCATE,False
dv_market_private,market_payment_allocations,authenticated,UPDATE,False
dv_market_private,market_payment_allocations,service_role,DELETE,False
dv_market_private,market_payment_allocations,service_role,INSERT,False
dv_market_private,market_payment_allocations,service_role,MAINTAIN,False
dv_market_private,market_payment_allocations,service_role,REFERENCES,False
dv_market_private,market_payment_allocations,service_role,SELECT,False
dv_market_private,market_payment_allocations,service_role,TRIGGER,False
dv_market_private,market_payment_allocations,service_role,TRUNCATE,False
dv_market_private,market_payment_allocations,service_role,UPDATE,False
dv_market_private,market_payment_attempts,anon,DELETE,False
dv_market_private,market_payment_attempts,anon,INSERT,False
dv_market_private,market_payment_attempts,anon,MAINTAIN,False
dv_market_private,market_payment_attempts,anon,REFERENCES,False
dv_market_private,market_payment_attempts,anon,SELECT,False
dv_market_private,market_payment_attempts,anon,TRIGGER,False
dv_market_private,market_payment_attempts,anon,TRUNCATE,False
dv_market_private,market_payment_attempts,anon,UPDATE,False
dv_market_private,market_payment_attempts,authenticated,DELETE,False
dv_market_private,market_payment_attempts,authenticated,INSERT,False
dv_market_private,market_payment_attempts,authenticated,MAINTAIN,False
dv_market_private,market_payment_attempts,authenticated,REFERENCES,False
dv_market_private,market_payment_attempts,authenticated,SELECT,False
dv_market_private,market_payment_attempts,authenticated,TRIGGER,False
dv_market_private,market_payment_attempts,authenticated,TRUNCATE,False
dv_market_private,market_payment_attempts,authenticated,UPDATE,False
dv_market_private,market_payment_attempts,service_role,DELETE,False
dv_market_private,market_payment_attempts,service_role,INSERT,False
dv_market_private,market_payment_attempts,service_role,MAINTAIN,False
dv_market_private,market_payment_attempts,service_role,REFERENCES,False
dv_market_private,market_payment_attempts,service_role,SELECT,False
dv_market_private,market_payment_attempts,service_role,TRIGGER,False
dv_market_private,market_payment_attempts,service_role,TRUNCATE,False
dv_market_private,market_payment_attempts,service_role,UPDATE,False
dv_market_private,market_payment_configuration,anon,DELETE,False
dv_market_private,market_payment_configuration,anon,INSERT,False
dv_market_private,market_payment_configuration,anon,MAINTAIN,False
dv_market_private,market_payment_configuration,anon,REFERENCES,False
dv_market_private,market_payment_configuration,anon,SELECT,False
dv_market_private,market_payment_configuration,anon,TRIGGER,False
dv_market_private,market_payment_configuration,anon,TRUNCATE,False
dv_market_private,market_payment_configuration,anon,UPDATE,False
dv_market_private,market_payment_configuration,authenticated,DELETE,False
dv_market_private,market_payment_configuration,authenticated,INSERT,False
dv_market_private,market_payment_configuration,authenticated,MAINTAIN,False
dv_market_private,market_payment_configuration,authenticated,REFERENCES,False
dv_market_private,market_payment_configuration,authenticated,SELECT,False
dv_market_private,market_payment_configuration,authenticated,TRIGGER,False
dv_market_private,market_payment_configuration,authenticated,TRUNCATE,False
dv_market_private,market_payment_configuration,authenticated,UPDATE,False
dv_market_private,market_payment_configuration,service_role,DELETE,False
dv_market_private,market_payment_configuration,service_role,INSERT,False
dv_market_private,market_payment_configuration,service_role,MAINTAIN,False
dv_market_private,market_payment_configuration,service_role,REFERENCES,False
dv_market_private,market_payment_configuration,service_role,SELECT,False
dv_market_private,market_payment_configuration,service_role,TRIGGER,False
dv_market_private,market_payment_configuration,service_role,TRUNCATE,False
dv_market_private,market_payment_configuration,service_role,UPDATE,False
dv_market_private,market_pickup_handovers,anon,DELETE,False
dv_market_private,market_pickup_handovers,anon,INSERT,False
dv_market_private,market_pickup_handovers,anon,MAINTAIN,False
dv_market_private,market_pickup_handovers,anon,REFERENCES,False
dv_market_private,market_pickup_handovers,anon,SELECT,False
dv_market_private,market_pickup_handovers,anon,TRIGGER,False
dv_market_private,market_pickup_handovers,anon,TRUNCATE,False
dv_market_private,market_pickup_handovers,anon,UPDATE,False
dv_market_private,market_pickup_handovers,authenticated,DELETE,False
dv_market_private,market_pickup_handovers,authenticated,INSERT,False
dv_market_private,market_pickup_handovers,authenticated,MAINTAIN,False
dv_market_private,market_pickup_handovers,authenticated,REFERENCES,False
dv_market_private,market_pickup_handovers,authenticated,SELECT,False
dv_market_private,market_pickup_handovers,authenticated,TRIGGER,False
dv_market_private,market_pickup_handovers,authenticated,TRUNCATE,False
dv_market_private,market_pickup_handovers,authenticated,UPDATE,False
dv_market_private,market_pickup_handovers,service_role,DELETE,False
dv_market_private,market_pickup_handovers,service_role,INSERT,False
dv_market_private,market_pickup_handovers,service_role,MAINTAIN,False
dv_market_private,market_pickup_handovers,service_role,REFERENCES,False
dv_market_private,market_pickup_handovers,service_role,SELECT,False
dv_market_private,market_pickup_handovers,service_role,TRIGGER,False
dv_market_private,market_pickup_handovers,service_role,TRUNCATE,False
dv_market_private,market_pickup_handovers,service_role,UPDATE,False
dv_market_private,market_pickup_messages,anon,DELETE,False
dv_market_private,market_pickup_messages,anon,INSERT,False
dv_market_private,market_pickup_messages,anon,MAINTAIN,False
dv_market_private,market_pickup_messages,anon,REFERENCES,False
dv_market_private,market_pickup_messages,anon,SELECT,False
dv_market_private,market_pickup_messages,anon,TRIGGER,False
dv_market_private,market_pickup_messages,anon,TRUNCATE,False
dv_market_private,market_pickup_messages,anon,UPDATE,False
dv_market_private,market_pickup_messages,authenticated,DELETE,False
dv_market_private,market_pickup_messages,authenticated,INSERT,False
dv_market_private,market_pickup_messages,authenticated,MAINTAIN,False
dv_market_private,market_pickup_messages,authenticated,REFERENCES,False
dv_market_private,market_pickup_messages,authenticated,SELECT,False
dv_market_private,market_pickup_messages,authenticated,TRIGGER,False
dv_market_private,market_pickup_messages,authenticated,TRUNCATE,False
dv_market_private,market_pickup_messages,authenticated,UPDATE,False
dv_market_private,market_pickup_messages,service_role,DELETE,False
dv_market_private,market_pickup_messages,service_role,INSERT,False
dv_market_private,market_pickup_messages,service_role,MAINTAIN,False
dv_market_private,market_pickup_messages,service_role,REFERENCES,False
dv_market_private,market_pickup_messages,service_role,SELECT,False
dv_market_private,market_pickup_messages,service_role,TRIGGER,False
dv_market_private,market_pickup_messages,service_role,TRUNCATE,False
dv_market_private,market_pickup_messages,service_role,UPDATE,False
dv_market_private,market_refund_requests,anon,DELETE,False
dv_market_private,market_refund_requests,anon,INSERT,False
dv_market_private,market_refund_requests,anon,MAINTAIN,False
dv_market_private,market_refund_requests,anon,REFERENCES,False
dv_market_private,market_refund_requests,anon,SELECT,False
dv_market_private,market_refund_requests,anon,TRIGGER,False
dv_market_private,market_refund_requests,anon,TRUNCATE,False
dv_market_private,market_refund_requests,anon,UPDATE,False
dv_market_private,market_refund_requests,authenticated,DELETE,False
dv_market_private,market_refund_requests,authenticated,INSERT,False
dv_market_private,market_refund_requests,authenticated,MAINTAIN,False
dv_market_private,market_refund_requests,authenticated,REFERENCES,False
dv_market_private,market_refund_requests,authenticated,SELECT,False
dv_market_private,market_refund_requests,authenticated,TRIGGER,False
dv_market_private,market_refund_requests,authenticated,TRUNCATE,False
dv_market_private,market_refund_requests,authenticated,UPDATE,False
dv_market_private,market_refund_requests,service_role,DELETE,False
dv_market_private,market_refund_requests,service_role,INSERT,False
dv_market_private,market_refund_requests,service_role,MAINTAIN,False
dv_market_private,market_refund_requests,service_role,REFERENCES,False
dv_market_private,market_refund_requests,service_role,SELECT,False
dv_market_private,market_refund_requests,service_role,TRIGGER,False
dv_market_private,market_refund_requests,service_role,TRUNCATE,False
dv_market_private,market_refund_requests,service_role,UPDATE,False
dv_market_private,market_stripe_accounts,anon,DELETE,False
dv_market_private,market_stripe_accounts,anon,INSERT,False
dv_market_private,market_stripe_accounts,anon,MAINTAIN,False
dv_market_private,market_stripe_accounts,anon,REFERENCES,False
dv_market_private,market_stripe_accounts,anon,SELECT,False
dv_market_private,market_stripe_accounts,anon,TRIGGER,False
dv_market_private,market_stripe_accounts,anon,TRUNCATE,False
dv_market_private,market_stripe_accounts,anon,UPDATE,False
dv_market_private,market_stripe_accounts,authenticated,DELETE,False
dv_market_private,market_stripe_accounts,authenticated,INSERT,False
dv_market_private,market_stripe_accounts,authenticated,MAINTAIN,False
dv_market_private,market_stripe_accounts,authenticated,REFERENCES,False
dv_market_private,market_stripe_accounts,authenticated,SELECT,False
dv_market_private,market_stripe_accounts,authenticated,TRIGGER,False
dv_market_private,market_stripe_accounts,authenticated,TRUNCATE,False
dv_market_private,market_stripe_accounts,authenticated,UPDATE,False
dv_market_private,market_stripe_accounts,service_role,DELETE,False
dv_market_private,market_stripe_accounts,service_role,INSERT,False
dv_market_private,market_stripe_accounts,service_role,MAINTAIN,False
dv_market_private,market_stripe_accounts,service_role,REFERENCES,False
dv_market_private,market_stripe_accounts,service_role,SELECT,False
dv_market_private,market_stripe_accounts,service_role,TRIGGER,False
dv_market_private,market_stripe_accounts,service_role,TRUNCATE,False
dv_market_private,market_stripe_accounts,service_role,UPDATE,False
dv_market_private,market_stripe_events,anon,DELETE,False
dv_market_private,market_stripe_events,anon,INSERT,False
dv_market_private,market_stripe_events,anon,MAINTAIN,False
dv_market_private,market_stripe_events,anon,REFERENCES,False
dv_market_private,market_stripe_events,anon,SELECT,False
dv_market_private,market_stripe_events,anon,TRIGGER,False
dv_market_private,market_stripe_events,anon,TRUNCATE,False
dv_market_private,market_stripe_events,anon,UPDATE,False
dv_market_private,market_stripe_events,authenticated,DELETE,False
dv_market_private,market_stripe_events,authenticated,INSERT,False
dv_market_private,market_stripe_events,authenticated,MAINTAIN,False
dv_market_private,market_stripe_events,authenticated,REFERENCES,False
dv_market_private,market_stripe_events,authenticated,SELECT,False
dv_market_private,market_stripe_events,authenticated,TRIGGER,False
dv_market_private,market_stripe_events,authenticated,TRUNCATE,False
dv_market_private,market_stripe_events,authenticated,UPDATE,False
dv_market_private,market_stripe_events,service_role,DELETE,False
dv_market_private,market_stripe_events,service_role,INSERT,False
dv_market_private,market_stripe_events,service_role,MAINTAIN,False
dv_market_private,market_stripe_events,service_role,REFERENCES,False
dv_market_private,market_stripe_events,service_role,SELECT,False
dv_market_private,market_stripe_events,service_role,TRIGGER,False
dv_market_private,market_stripe_events,service_role,TRUNCATE,False
dv_market_private,market_stripe_events,service_role,UPDATE,False
dv_market_private,market_stripe_onboarding_requests,anon,DELETE,False
dv_market_private,market_stripe_onboarding_requests,anon,INSERT,False
dv_market_private,market_stripe_onboarding_requests,anon,MAINTAIN,False
dv_market_private,market_stripe_onboarding_requests,anon,REFERENCES,False
dv_market_private,market_stripe_onboarding_requests,anon,SELECT,False
dv_market_private,market_stripe_onboarding_requests,anon,TRIGGER,False
dv_market_private,market_stripe_onboarding_requests,anon,TRUNCATE,False
dv_market_private,market_stripe_onboarding_requests,anon,UPDATE,False
dv_market_private,market_stripe_onboarding_requests,authenticated,DELETE,False
dv_market_private,market_stripe_onboarding_requests,authenticated,INSERT,False
dv_market_private,market_stripe_onboarding_requests,authenticated,MAINTAIN,False
dv_market_private,market_stripe_onboarding_requests,authenticated,REFERENCES,False
dv_market_private,market_stripe_onboarding_requests,authenticated,SELECT,False
dv_market_private,market_stripe_onboarding_requests,authenticated,TRIGGER,False
dv_market_private,market_stripe_onboarding_requests,authenticated,TRUNCATE,False
dv_market_private,market_stripe_onboarding_requests,authenticated,UPDATE,False
dv_market_private,market_stripe_onboarding_requests,service_role,DELETE,False
dv_market_private,market_stripe_onboarding_requests,service_role,INSERT,False
dv_market_private,market_stripe_onboarding_requests,service_role,MAINTAIN,False
dv_market_private,market_stripe_onboarding_requests,service_role,REFERENCES,False
dv_market_private,market_stripe_onboarding_requests,service_role,SELECT,False
dv_market_private,market_stripe_onboarding_requests,service_role,TRIGGER,False
dv_market_private,market_stripe_onboarding_requests,service_role,TRUNCATE,False
dv_market_private,market_stripe_onboarding_requests,service_role,UPDATE,False
dv_market_private,market_swap_cases,anon,DELETE,False
dv_market_private,market_swap_cases,anon,INSERT,False
dv_market_private,market_swap_cases,anon,MAINTAIN,False
dv_market_private,market_swap_cases,anon,REFERENCES,False
dv_market_private,market_swap_cases,anon,SELECT,False
dv_market_private,market_swap_cases,anon,TRIGGER,False
dv_market_private,market_swap_cases,anon,TRUNCATE,False
dv_market_private,market_swap_cases,anon,UPDATE,False
dv_market_private,market_swap_cases,authenticated,DELETE,False
dv_market_private,market_swap_cases,authenticated,INSERT,False
dv_market_private,market_swap_cases,authenticated,MAINTAIN,False
dv_market_private,market_swap_cases,authenticated,REFERENCES,False
dv_market_private,market_swap_cases,authenticated,SELECT,False
dv_market_private,market_swap_cases,authenticated,TRIGGER,False
dv_market_private,market_swap_cases,authenticated,TRUNCATE,False
dv_market_private,market_swap_cases,authenticated,UPDATE,False
dv_market_private,market_swap_cases,service_role,DELETE,False
dv_market_private,market_swap_cases,service_role,INSERT,False
dv_market_private,market_swap_cases,service_role,MAINTAIN,False
dv_market_private,market_swap_cases,service_role,REFERENCES,False
dv_market_private,market_swap_cases,service_role,SELECT,False
dv_market_private,market_swap_cases,service_role,TRIGGER,False
dv_market_private,market_swap_cases,service_role,TRUNCATE,False
dv_market_private,market_swap_cases,service_role,UPDATE,False
dv_market_private,market_swap_confirmations,anon,DELETE,False
dv_market_private,market_swap_confirmations,anon,INSERT,False
dv_market_private,market_swap_confirmations,anon,MAINTAIN,False
dv_market_private,market_swap_confirmations,anon,REFERENCES,False
dv_market_private,market_swap_confirmations,anon,SELECT,False
dv_market_private,market_swap_confirmations,anon,TRIGGER,False
dv_market_private,market_swap_confirmations,anon,TRUNCATE,False
dv_market_private,market_swap_confirmations,anon,UPDATE,False
dv_market_private,market_swap_confirmations,authenticated,DELETE,False
dv_market_private,market_swap_confirmations,authenticated,INSERT,False
dv_market_private,market_swap_confirmations,authenticated,MAINTAIN,False
dv_market_private,market_swap_confirmations,authenticated,REFERENCES,False
dv_market_private,market_swap_confirmations,authenticated,SELECT,False
dv_market_private,market_swap_confirmations,authenticated,TRIGGER,False
dv_market_private,market_swap_confirmations,authenticated,TRUNCATE,False
dv_market_private,market_swap_confirmations,authenticated,UPDATE,False
dv_market_private,market_swap_confirmations,service_role,DELETE,False
dv_market_private,market_swap_confirmations,service_role,INSERT,False
dv_market_private,market_swap_confirmations,service_role,MAINTAIN,False
dv_market_private,market_swap_confirmations,service_role,REFERENCES,False
dv_market_private,market_swap_confirmations,service_role,SELECT,False
dv_market_private,market_swap_confirmations,service_role,TRIGGER,False
dv_market_private,market_swap_confirmations,service_role,TRUNCATE,False
dv_market_private,market_swap_confirmations,service_role,UPDATE,False
dv_market_private,market_swap_fulfillments,anon,DELETE,False
dv_market_private,market_swap_fulfillments,anon,INSERT,False
dv_market_private,market_swap_fulfillments,anon,MAINTAIN,False
dv_market_private,market_swap_fulfillments,anon,REFERENCES,False
dv_market_private,market_swap_fulfillments,anon,SELECT,False
dv_market_private,market_swap_fulfillments,anon,TRIGGER,False
dv_market_private,market_swap_fulfillments,anon,TRUNCATE,False
dv_market_private,market_swap_fulfillments,anon,UPDATE,False
dv_market_private,market_swap_fulfillments,authenticated,DELETE,False
dv_market_private,market_swap_fulfillments,authenticated,INSERT,False
dv_market_private,market_swap_fulfillments,authenticated,MAINTAIN,False
dv_market_private,market_swap_fulfillments,authenticated,REFERENCES,False
dv_market_private,market_swap_fulfillments,authenticated,SELECT,False
dv_market_private,market_swap_fulfillments,authenticated,TRIGGER,False
dv_market_private,market_swap_fulfillments,authenticated,TRUNCATE,False
dv_market_private,market_swap_fulfillments,authenticated,UPDATE,False
dv_market_private,market_swap_fulfillments,service_role,DELETE,False
dv_market_private,market_swap_fulfillments,service_role,INSERT,False
dv_market_private,market_swap_fulfillments,service_role,MAINTAIN,False
dv_market_private,market_swap_fulfillments,service_role,REFERENCES,False
dv_market_private,market_swap_fulfillments,service_role,SELECT,False
dv_market_private,market_swap_fulfillments,service_role,TRIGGER,False
dv_market_private,market_swap_fulfillments,service_role,TRUNCATE,False
dv_market_private,market_swap_fulfillments,service_role,UPDATE,False
dv_market_private,market_swap_pickup_handovers,anon,DELETE,False
dv_market_private,market_swap_pickup_handovers,anon,INSERT,False
dv_market_private,market_swap_pickup_handovers,anon,MAINTAIN,False
dv_market_private,market_swap_pickup_handovers,anon,REFERENCES,False
dv_market_private,market_swap_pickup_handovers,anon,SELECT,False
dv_market_private,market_swap_pickup_handovers,anon,TRIGGER,False
dv_market_private,market_swap_pickup_handovers,anon,TRUNCATE,False
dv_market_private,market_swap_pickup_handovers,anon,UPDATE,False
dv_market_private,market_swap_pickup_handovers,authenticated,DELETE,False
dv_market_private,market_swap_pickup_handovers,authenticated,INSERT,False
dv_market_private,market_swap_pickup_handovers,authenticated,MAINTAIN,False
dv_market_private,market_swap_pickup_handovers,authenticated,REFERENCES,False
dv_market_private,market_swap_pickup_handovers,authenticated,SELECT,False
dv_market_private,market_swap_pickup_handovers,authenticated,TRIGGER,False
dv_market_private,market_swap_pickup_handovers,authenticated,TRUNCATE,False
dv_market_private,market_swap_pickup_handovers,authenticated,UPDATE,False
dv_market_private,market_swap_pickup_handovers,service_role,DELETE,False
dv_market_private,market_swap_pickup_handovers,service_role,INSERT,False
dv_market_private,market_swap_pickup_handovers,service_role,MAINTAIN,False
dv_market_private,market_swap_pickup_handovers,service_role,REFERENCES,False
dv_market_private,market_swap_pickup_handovers,service_role,SELECT,False
dv_market_private,market_swap_pickup_handovers,service_role,TRIGGER,False
dv_market_private,market_swap_pickup_handovers,service_role,TRUNCATE,False
dv_market_private,market_swap_pickup_handovers,service_role,UPDATE,False
dv_market_private,market_swap_reservations,anon,DELETE,False
dv_market_private,market_swap_reservations,anon,INSERT,False
dv_market_private,market_swap_reservations,anon,MAINTAIN,False
dv_market_private,market_swap_reservations,anon,REFERENCES,False
dv_market_private,market_swap_reservations,anon,SELECT,False
dv_market_private,market_swap_reservations,anon,TRIGGER,False
dv_market_private,market_swap_reservations,anon,TRUNCATE,False
dv_market_private,market_swap_reservations,anon,UPDATE,False
dv_market_private,market_swap_reservations,authenticated,DELETE,False
dv_market_private,market_swap_reservations,authenticated,INSERT,False
dv_market_private,market_swap_reservations,authenticated,MAINTAIN,False
dv_market_private,market_swap_reservations,authenticated,REFERENCES,False
dv_market_private,market_swap_reservations,authenticated,SELECT,False
dv_market_private,market_swap_reservations,authenticated,TRIGGER,False
dv_market_private,market_swap_reservations,authenticated,TRUNCATE,False
dv_market_private,market_swap_reservations,authenticated,UPDATE,False
dv_market_private,market_swap_reservations,service_role,DELETE,False
dv_market_private,market_swap_reservations,service_role,INSERT,False
dv_market_private,market_swap_reservations,service_role,MAINTAIN,False
dv_market_private,market_swap_reservations,service_role,REFERENCES,False
dv_market_private,market_swap_reservations,service_role,SELECT,False
dv_market_private,market_swap_reservations,service_role,TRIGGER,False
dv_market_private,market_swap_reservations,service_role,TRUNCATE,False
dv_market_private,market_swap_reservations,service_role,UPDATE,False
dv_market_private,market_swap_revision_items,anon,DELETE,False
dv_market_private,market_swap_revision_items,anon,INSERT,False
dv_market_private,market_swap_revision_items,anon,MAINTAIN,False
dv_market_private,market_swap_revision_items,anon,REFERENCES,False
dv_market_private,market_swap_revision_items,anon,SELECT,False
dv_market_private,market_swap_revision_items,anon,TRIGGER,False
dv_market_private,market_swap_revision_items,anon,TRUNCATE,False
dv_market_private,market_swap_revision_items,anon,UPDATE,False
dv_market_private,market_swap_revision_items,authenticated,DELETE,False
dv_market_private,market_swap_revision_items,authenticated,INSERT,False
dv_market_private,market_swap_revision_items,authenticated,MAINTAIN,False
dv_market_private,market_swap_revision_items,authenticated,REFERENCES,False
dv_market_private,market_swap_revision_items,authenticated,SELECT,False
dv_market_private,market_swap_revision_items,authenticated,TRIGGER,False
dv_market_private,market_swap_revision_items,authenticated,TRUNCATE,False
dv_market_private,market_swap_revision_items,authenticated,UPDATE,False
dv_market_private,market_swap_revision_items,service_role,DELETE,False
dv_market_private,market_swap_revision_items,service_role,INSERT,False
dv_market_private,market_swap_revision_items,service_role,MAINTAIN,False
dv_market_private,market_swap_revision_items,service_role,REFERENCES,False
dv_market_private,market_swap_revision_items,service_role,SELECT,False
dv_market_private,market_swap_revision_items,service_role,TRIGGER,False
dv_market_private,market_swap_revision_items,service_role,TRUNCATE,False
dv_market_private,market_swap_revision_items,service_role,UPDATE,False
dv_market_private,market_swap_revisions,anon,DELETE,False
dv_market_private,market_swap_revisions,anon,INSERT,False
dv_market_private,market_swap_revisions,anon,MAINTAIN,False
dv_market_private,market_swap_revisions,anon,REFERENCES,False
dv_market_private,market_swap_revisions,anon,SELECT,False
dv_market_private,market_swap_revisions,anon,TRIGGER,False
dv_market_private,market_swap_revisions,anon,TRUNCATE,False
dv_market_private,market_swap_revisions,anon,UPDATE,False
dv_market_private,market_swap_revisions,authenticated,DELETE,False
dv_market_private,market_swap_revisions,authenticated,INSERT,False
dv_market_private,market_swap_revisions,authenticated,MAINTAIN,False
dv_market_private,market_swap_revisions,authenticated,REFERENCES,False
dv_market_private,market_swap_revisions,authenticated,SELECT,False
dv_market_private,market_swap_revisions,authenticated,TRIGGER,False
dv_market_private,market_swap_revisions,authenticated,TRUNCATE,False
dv_market_private,market_swap_revisions,authenticated,UPDATE,False
dv_market_private,market_swap_revisions,service_role,DELETE,False
dv_market_private,market_swap_revisions,service_role,INSERT,False
dv_market_private,market_swap_revisions,service_role,MAINTAIN,False
dv_market_private,market_swap_revisions,service_role,REFERENCES,False
dv_market_private,market_swap_revisions,service_role,SELECT,False
dv_market_private,market_swap_revisions,service_role,TRIGGER,False
dv_market_private,market_swap_revisions,service_role,TRUNCATE,False
dv_market_private,market_swap_revisions,service_role,UPDATE,False
dv_market_private,market_swap_shipping_addresses,anon,DELETE,False
dv_market_private,market_swap_shipping_addresses,anon,INSERT,False
dv_market_private,market_swap_shipping_addresses,anon,MAINTAIN,False
dv_market_private,market_swap_shipping_addresses,anon,REFERENCES,False
dv_market_private,market_swap_shipping_addresses,anon,SELECT,False
dv_market_private,market_swap_shipping_addresses,anon,TRIGGER,False
dv_market_private,market_swap_shipping_addresses,anon,TRUNCATE,False
dv_market_private,market_swap_shipping_addresses,anon,UPDATE,False
dv_market_private,market_swap_shipping_addresses,authenticated,DELETE,False
dv_market_private,market_swap_shipping_addresses,authenticated,INSERT,False
dv_market_private,market_swap_shipping_addresses,authenticated,MAINTAIN,False
dv_market_private,market_swap_shipping_addresses,authenticated,REFERENCES,False
dv_market_private,market_swap_shipping_addresses,authenticated,SELECT,False
dv_market_private,market_swap_shipping_addresses,authenticated,TRIGGER,False
dv_market_private,market_swap_shipping_addresses,authenticated,TRUNCATE,False
dv_market_private,market_swap_shipping_addresses,authenticated,UPDATE,False
dv_market_private,market_swap_shipping_addresses,service_role,DELETE,False
dv_market_private,market_swap_shipping_addresses,service_role,INSERT,False
dv_market_private,market_swap_shipping_addresses,service_role,MAINTAIN,False
dv_market_private,market_swap_shipping_addresses,service_role,REFERENCES,False
dv_market_private,market_swap_shipping_addresses,service_role,SELECT,False
dv_market_private,market_swap_shipping_addresses,service_role,TRIGGER,False
dv_market_private,market_swap_shipping_addresses,service_role,TRUNCATE,False
dv_market_private,market_swap_shipping_addresses,service_role,UPDATE,False
dv_market_private,market_swap_threads,anon,DELETE,False
dv_market_private,market_swap_threads,anon,INSERT,False
dv_market_private,market_swap_threads,anon,MAINTAIN,False
dv_market_private,market_swap_threads,anon,REFERENCES,False
dv_market_private,market_swap_threads,anon,SELECT,False
dv_market_private,market_swap_threads,anon,TRIGGER,False
dv_market_private,market_swap_threads,anon,TRUNCATE,False
dv_market_private,market_swap_threads,anon,UPDATE,False
dv_market_private,market_swap_threads,authenticated,DELETE,False
dv_market_private,market_swap_threads,authenticated,INSERT,False
dv_market_private,market_swap_threads,authenticated,MAINTAIN,False
dv_market_private,market_swap_threads,authenticated,REFERENCES,False
dv_market_private,market_swap_threads,authenticated,SELECT,False
dv_market_private,market_swap_threads,authenticated,TRIGGER,False
dv_market_private,market_swap_threads,authenticated,TRUNCATE,False
dv_market_private,market_swap_threads,authenticated,UPDATE,False
dv_market_private,market_swap_threads,service_role,DELETE,False
dv_market_private,market_swap_threads,service_role,INSERT,False
dv_market_private,market_swap_threads,service_role,MAINTAIN,False
dv_market_private,market_swap_threads,service_role,REFERENCES,False
dv_market_private,market_swap_threads,service_role,SELECT,False
dv_market_private,market_swap_threads,service_role,TRIGGER,False
dv_market_private,market_swap_threads,service_role,TRUNCATE,False
dv_market_private,market_swap_threads,service_role,UPDATE,False
dv_market_private,market_swap_value_snapshots,anon,DELETE,False
dv_market_private,market_swap_value_snapshots,anon,INSERT,False
dv_market_private,market_swap_value_snapshots,anon,MAINTAIN,False
dv_market_private,market_swap_value_snapshots,anon,REFERENCES,False
dv_market_private,market_swap_value_snapshots,anon,SELECT,False
dv_market_private,market_swap_value_snapshots,anon,TRIGGER,False
dv_market_private,market_swap_value_snapshots,anon,TRUNCATE,False
dv_market_private,market_swap_value_snapshots,anon,UPDATE,False
dv_market_private,market_swap_value_snapshots,authenticated,DELETE,False
dv_market_private,market_swap_value_snapshots,authenticated,INSERT,False
dv_market_private,market_swap_value_snapshots,authenticated,MAINTAIN,False
dv_market_private,market_swap_value_snapshots,authenticated,REFERENCES,False
dv_market_private,market_swap_value_snapshots,authenticated,SELECT,False
dv_market_private,market_swap_value_snapshots,authenticated,TRIGGER,False
dv_market_private,market_swap_value_snapshots,authenticated,TRUNCATE,False
dv_market_private,market_swap_value_snapshots,authenticated,UPDATE,False
dv_market_private,market_swap_value_snapshots,service_role,DELETE,False
dv_market_private,market_swap_value_snapshots,service_role,INSERT,False
dv_market_private,market_swap_value_snapshots,service_role,MAINTAIN,False
dv_market_private,market_swap_value_snapshots,service_role,REFERENCES,False
dv_market_private,market_swap_value_snapshots,service_role,SELECT,False
dv_market_private,market_swap_value_snapshots,service_role,TRIGGER,False
dv_market_private,market_swap_value_snapshots,service_role,TRUNCATE,False
dv_market_private,market_swap_value_snapshots,service_role,UPDATE,False
dv_market_private,market_tax_events,anon,DELETE,False
dv_market_private,market_tax_events,anon,INSERT,False
dv_market_private,market_tax_events,anon,MAINTAIN,False
dv_market_private,market_tax_events,anon,REFERENCES,False
dv_market_private,market_tax_events,anon,SELECT,False
dv_market_private,market_tax_events,anon,TRIGGER,False
dv_market_private,market_tax_events,anon,TRUNCATE,False
dv_market_private,market_tax_events,anon,UPDATE,False
dv_market_private,market_tax_events,authenticated,DELETE,False
dv_market_private,market_tax_events,authenticated,INSERT,False
dv_market_private,market_tax_events,authenticated,MAINTAIN,False
dv_market_private,market_tax_events,authenticated,REFERENCES,False
dv_market_private,market_tax_events,authenticated,SELECT,False
dv_market_private,market_tax_events,authenticated,TRIGGER,False
dv_market_private,market_tax_events,authenticated,TRUNCATE,False
dv_market_private,market_tax_events,authenticated,UPDATE,False
dv_market_private,market_tax_events,service_role,DELETE,False
dv_market_private,market_tax_events,service_role,INSERT,False
dv_market_private,market_tax_events,service_role,MAINTAIN,False
dv_market_private,market_tax_events,service_role,REFERENCES,False
dv_market_private,market_tax_events,service_role,SELECT,False
dv_market_private,market_tax_events,service_role,TRIGGER,False
dv_market_private,market_tax_events,service_role,TRUNCATE,False
dv_market_private,market_tax_events,service_role,UPDATE,False
dv_market_private,market_tax_export_rows,anon,DELETE,False
dv_market_private,market_tax_export_rows,anon,INSERT,False
dv_market_private,market_tax_export_rows,anon,MAINTAIN,False
dv_market_private,market_tax_export_rows,anon,REFERENCES,False
dv_market_private,market_tax_export_rows,anon,SELECT,False
dv_market_private,market_tax_export_rows,anon,TRIGGER,False
dv_market_private,market_tax_export_rows,anon,TRUNCATE,False
dv_market_private,market_tax_export_rows,anon,UPDATE,False
dv_market_private,market_tax_export_rows,authenticated,DELETE,False
dv_market_private,market_tax_export_rows,authenticated,INSERT,False
dv_market_private,market_tax_export_rows,authenticated,MAINTAIN,False
dv_market_private,market_tax_export_rows,authenticated,REFERENCES,False
dv_market_private,market_tax_export_rows,authenticated,SELECT,False
dv_market_private,market_tax_export_rows,authenticated,TRIGGER,False
dv_market_private,market_tax_export_rows,authenticated,TRUNCATE,False
dv_market_private,market_tax_export_rows,authenticated,UPDATE,False
dv_market_private,market_tax_export_rows,service_role,DELETE,False
dv_market_private,market_tax_export_rows,service_role,INSERT,False
dv_market_private,market_tax_export_rows,service_role,MAINTAIN,False
dv_market_private,market_tax_export_rows,service_role,REFERENCES,False
dv_market_private,market_tax_export_rows,service_role,SELECT,False
dv_market_private,market_tax_export_rows,service_role,TRIGGER,False
dv_market_private,market_tax_export_rows,service_role,TRUNCATE,False
dv_market_private,market_tax_export_rows,service_role,UPDATE,False
dv_market_private,market_tax_exports,anon,DELETE,False
dv_market_private,market_tax_exports,anon,INSERT,False
dv_market_private,market_tax_exports,anon,MAINTAIN,False
dv_market_private,market_tax_exports,anon,REFERENCES,False
dv_market_private,market_tax_exports,anon,SELECT,False
dv_market_private,market_tax_exports,anon,TRIGGER,False
dv_market_private,market_tax_exports,anon,TRUNCATE,False
dv_market_private,market_tax_exports,anon,UPDATE,False
dv_market_private,market_tax_exports,authenticated,DELETE,False
dv_market_private,market_tax_exports,authenticated,INSERT,False
dv_market_private,market_tax_exports,authenticated,MAINTAIN,False
dv_market_private,market_tax_exports,authenticated,REFERENCES,False
dv_market_private,market_tax_exports,authenticated,SELECT,False
dv_market_private,market_tax_exports,authenticated,TRIGGER,False
dv_market_private,market_tax_exports,authenticated,TRUNCATE,False
dv_market_private,market_tax_exports,authenticated,UPDATE,False
dv_market_private,market_tax_exports,service_role,DELETE,False
dv_market_private,market_tax_exports,service_role,INSERT,False
dv_market_private,market_tax_exports,service_role,MAINTAIN,False
dv_market_private,market_tax_exports,service_role,REFERENCES,False
dv_market_private,market_tax_exports,service_role,SELECT,False
dv_market_private,market_tax_exports,service_role,TRIGGER,False
dv_market_private,market_tax_exports,service_role,TRUNCATE,False
dv_market_private,market_tax_exports,service_role,UPDATE,False
dv_market_private,market_withdrawal_drafts,anon,DELETE,False
dv_market_private,market_withdrawal_drafts,anon,INSERT,False
dv_market_private,market_withdrawal_drafts,anon,MAINTAIN,False
dv_market_private,market_withdrawal_drafts,anon,REFERENCES,False
dv_market_private,market_withdrawal_drafts,anon,SELECT,False
dv_market_private,market_withdrawal_drafts,anon,TRIGGER,False
dv_market_private,market_withdrawal_drafts,anon,TRUNCATE,False
dv_market_private,market_withdrawal_drafts,anon,UPDATE,False
dv_market_private,market_withdrawal_drafts,authenticated,DELETE,False
dv_market_private,market_withdrawal_drafts,authenticated,INSERT,False
dv_market_private,market_withdrawal_drafts,authenticated,MAINTAIN,False
dv_market_private,market_withdrawal_drafts,authenticated,REFERENCES,False
dv_market_private,market_withdrawal_drafts,authenticated,SELECT,False
dv_market_private,market_withdrawal_drafts,authenticated,TRIGGER,False
dv_market_private,market_withdrawal_drafts,authenticated,TRUNCATE,False
dv_market_private,market_withdrawal_drafts,authenticated,UPDATE,False
dv_market_private,market_withdrawal_drafts,service_role,DELETE,False
dv_market_private,market_withdrawal_drafts,service_role,INSERT,False
dv_market_private,market_withdrawal_drafts,service_role,MAINTAIN,False
dv_market_private,market_withdrawal_drafts,service_role,REFERENCES,False
dv_market_private,market_withdrawal_drafts,service_role,SELECT,False
dv_market_private,market_withdrawal_drafts,service_role,TRIGGER,False
dv_market_private,market_withdrawal_drafts,service_role,TRUNCATE,False
dv_market_private,market_withdrawal_drafts,service_role,UPDATE,False
dv_market_private,market_withdrawals,anon,DELETE,False
dv_market_private,market_withdrawals,anon,INSERT,False
dv_market_private,market_withdrawals,anon,MAINTAIN,False
dv_market_private,market_withdrawals,anon,REFERENCES,False
dv_market_private,market_withdrawals,anon,SELECT,False
dv_market_private,market_withdrawals,anon,TRIGGER,False
dv_market_private,market_withdrawals,anon,TRUNCATE,False
dv_market_private,market_withdrawals,anon,UPDATE,False
dv_market_private,market_withdrawals,authenticated,DELETE,False
dv_market_private,market_withdrawals,authenticated,INSERT,False
dv_market_private,market_withdrawals,authenticated,MAINTAIN,False
dv_market_private,market_withdrawals,authenticated,REFERENCES,False
dv_market_private,market_withdrawals,authenticated,SELECT,False
dv_market_private,market_withdrawals,authenticated,TRIGGER,False
dv_market_private,market_withdrawals,authenticated,TRUNCATE,False
dv_market_private,market_withdrawals,authenticated,UPDATE,False
dv_market_private,market_withdrawals,service_role,DELETE,False
dv_market_private,market_withdrawals,service_role,INSERT,False
dv_market_private,market_withdrawals,service_role,MAINTAIN,False
dv_market_private,market_withdrawals,service_role,REFERENCES,False
dv_market_private,market_withdrawals,service_role,SELECT,False
dv_market_private,market_withdrawals,service_role,TRIGGER,False
dv_market_private,market_withdrawals,service_role,TRUNCATE,False
dv_market_private,market_withdrawals,service_role,UPDATE,False
dv_market_private,marketplace_compliance_policy,anon,DELETE,False
dv_market_private,marketplace_compliance_policy,anon,INSERT,False
dv_market_private,marketplace_compliance_policy,anon,MAINTAIN,False
dv_market_private,marketplace_compliance_policy,anon,REFERENCES,False
dv_market_private,marketplace_compliance_policy,anon,SELECT,False
dv_market_private,marketplace_compliance_policy,anon,TRIGGER,False
dv_market_private,marketplace_compliance_policy,anon,TRUNCATE,False
dv_market_private,marketplace_compliance_policy,anon,UPDATE,False
dv_market_private,marketplace_compliance_policy,authenticated,DELETE,False
dv_market_private,marketplace_compliance_policy,authenticated,INSERT,False
dv_market_private,marketplace_compliance_policy,authenticated,MAINTAIN,False
dv_market_private,marketplace_compliance_policy,authenticated,REFERENCES,False
dv_market_private,marketplace_compliance_policy,authenticated,SELECT,False
dv_market_private,marketplace_compliance_policy,authenticated,TRIGGER,False
dv_market_private,marketplace_compliance_policy,authenticated,TRUNCATE,False
dv_market_private,marketplace_compliance_policy,authenticated,UPDATE,False
dv_market_private,marketplace_compliance_policy,service_role,DELETE,False
dv_market_private,marketplace_compliance_policy,service_role,INSERT,False
dv_market_private,marketplace_compliance_policy,service_role,MAINTAIN,False
dv_market_private,marketplace_compliance_policy,service_role,REFERENCES,False
dv_market_private,marketplace_compliance_policy,service_role,SELECT,False
dv_market_private,marketplace_compliance_policy,service_role,TRIGGER,False
dv_market_private,marketplace_compliance_policy,service_role,TRUNCATE,False
dv_market_private,marketplace_compliance_policy,service_role,UPDATE,False
dv_market_private,marketplace_message_delivery_events,anon,DELETE,False
dv_market_private,marketplace_message_delivery_events,anon,INSERT,False
dv_market_private,marketplace_message_delivery_events,anon,MAINTAIN,False
dv_market_private,marketplace_message_delivery_events,anon,REFERENCES,False
dv_market_private,marketplace_message_delivery_events,anon,SELECT,False
dv_market_private,marketplace_message_delivery_events,anon,TRIGGER,False
dv_market_private,marketplace_message_delivery_events,anon,TRUNCATE,False
dv_market_private,marketplace_message_delivery_events,anon,UPDATE,False
dv_market_private,marketplace_message_delivery_events,authenticated,DELETE,False
dv_market_private,marketplace_message_delivery_events,authenticated,INSERT,False
dv_market_private,marketplace_message_delivery_events,authenticated,MAINTAIN,False
dv_market_private,marketplace_message_delivery_events,authenticated,REFERENCES,False
dv_market_private,marketplace_message_delivery_events,authenticated,SELECT,False
dv_market_private,marketplace_message_delivery_events,authenticated,TRIGGER,False
dv_market_private,marketplace_message_delivery_events,authenticated,TRUNCATE,False
dv_market_private,marketplace_message_delivery_events,authenticated,UPDATE,False
dv_market_private,marketplace_message_delivery_events,service_role,DELETE,False
dv_market_private,marketplace_message_delivery_events,service_role,INSERT,False
dv_market_private,marketplace_message_delivery_events,service_role,MAINTAIN,False
dv_market_private,marketplace_message_delivery_events,service_role,REFERENCES,False
dv_market_private,marketplace_message_delivery_events,service_role,SELECT,False
dv_market_private,marketplace_message_delivery_events,service_role,TRIGGER,False
dv_market_private,marketplace_message_delivery_events,service_role,TRUNCATE,False
dv_market_private,marketplace_message_delivery_events,service_role,UPDATE,False
dv_market_private,marketplace_message_outbox,anon,DELETE,False
dv_market_private,marketplace_message_outbox,anon,INSERT,False
dv_market_private,marketplace_message_outbox,anon,MAINTAIN,False
dv_market_private,marketplace_message_outbox,anon,REFERENCES,False
dv_market_private,marketplace_message_outbox,anon,SELECT,False
dv_market_private,marketplace_message_outbox,anon,TRIGGER,False
dv_market_private,marketplace_message_outbox,anon,TRUNCATE,False
dv_market_private,marketplace_message_outbox,anon,UPDATE,False
dv_market_private,marketplace_message_outbox,authenticated,DELETE,False
dv_market_private,marketplace_message_outbox,authenticated,INSERT,False
dv_market_private,marketplace_message_outbox,authenticated,MAINTAIN,False
dv_market_private,marketplace_message_outbox,authenticated,REFERENCES,False
dv_market_private,marketplace_message_outbox,authenticated,SELECT,False
dv_market_private,marketplace_message_outbox,authenticated,TRIGGER,False
dv_market_private,marketplace_message_outbox,authenticated,TRUNCATE,False
dv_market_private,marketplace_message_outbox,authenticated,UPDATE,False
dv_market_private,marketplace_message_outbox,service_role,DELETE,False
dv_market_private,marketplace_message_outbox,service_role,INSERT,False
dv_market_private,marketplace_message_outbox,service_role,MAINTAIN,False
dv_market_private,marketplace_message_outbox,service_role,REFERENCES,False
dv_market_private,marketplace_message_outbox,service_role,SELECT,False
dv_market_private,marketplace_message_outbox,service_role,TRIGGER,False
dv_market_private,marketplace_message_outbox,service_role,TRUNCATE,False
dv_market_private,marketplace_message_outbox,service_role,UPDATE,False
dv_market_private,seller_account_audit,anon,DELETE,False
dv_market_private,seller_account_audit,anon,INSERT,False
dv_market_private,seller_account_audit,anon,MAINTAIN,False
dv_market_private,seller_account_audit,anon,REFERENCES,False
dv_market_private,seller_account_audit,anon,SELECT,False
dv_market_private,seller_account_audit,anon,TRIGGER,False
dv_market_private,seller_account_audit,anon,TRUNCATE,False
dv_market_private,seller_account_audit,anon,UPDATE,False
dv_market_private,seller_account_audit,authenticated,DELETE,False
dv_market_private,seller_account_audit,authenticated,INSERT,False
dv_market_private,seller_account_audit,authenticated,MAINTAIN,False
dv_market_private,seller_account_audit,authenticated,REFERENCES,False
dv_market_private,seller_account_audit,authenticated,SELECT,False
dv_market_private,seller_account_audit,authenticated,TRIGGER,False
dv_market_private,seller_account_audit,authenticated,TRUNCATE,False
dv_market_private,seller_account_audit,authenticated,UPDATE,False
dv_market_private,seller_account_audit,service_role,DELETE,False
dv_market_private,seller_account_audit,service_role,INSERT,False
dv_market_private,seller_account_audit,service_role,MAINTAIN,False
dv_market_private,seller_account_audit,service_role,REFERENCES,False
dv_market_private,seller_account_audit,service_role,SELECT,False
dv_market_private,seller_account_audit,service_role,TRIGGER,False
dv_market_private,seller_account_audit,service_role,TRUNCATE,False
dv_market_private,seller_account_audit,service_role,UPDATE,False
dv_market_private,seller_declarations,anon,DELETE,False
dv_market_private,seller_declarations,anon,INSERT,False
dv_market_private,seller_declarations,anon,MAINTAIN,False
dv_market_private,seller_declarations,anon,REFERENCES,False
dv_market_private,seller_declarations,anon,SELECT,False
dv_market_private,seller_declarations,anon,TRIGGER,False
dv_market_private,seller_declarations,anon,TRUNCATE,False
dv_market_private,seller_declarations,anon,UPDATE,False
dv_market_private,seller_declarations,authenticated,DELETE,False
dv_market_private,seller_declarations,authenticated,INSERT,False
dv_market_private,seller_declarations,authenticated,MAINTAIN,False
dv_market_private,seller_declarations,authenticated,REFERENCES,False
dv_market_private,seller_declarations,authenticated,SELECT,False
dv_market_private,seller_declarations,authenticated,TRIGGER,False
dv_market_private,seller_declarations,authenticated,TRUNCATE,False
dv_market_private,seller_declarations,authenticated,UPDATE,False
dv_market_private,seller_declarations,service_role,DELETE,False
dv_market_private,seller_declarations,service_role,INSERT,False
dv_market_private,seller_declarations,service_role,MAINTAIN,False
dv_market_private,seller_declarations,service_role,REFERENCES,False
dv_market_private,seller_declarations,service_role,SELECT,False
dv_market_private,seller_declarations,service_role,TRIGGER,False
dv_market_private,seller_declarations,service_role,TRUNCATE,False
dv_market_private,seller_declarations,service_role,UPDATE,False
dv_market_private,seller_legal_profiles,anon,DELETE,False
dv_market_private,seller_legal_profiles,anon,INSERT,False
dv_market_private,seller_legal_profiles,anon,MAINTAIN,False
dv_market_private,seller_legal_profiles,anon,REFERENCES,False
dv_market_private,seller_legal_profiles,anon,SELECT,False
dv_market_private,seller_legal_profiles,anon,TRIGGER,False
dv_market_private,seller_legal_profiles,anon,TRUNCATE,False
dv_market_private,seller_legal_profiles,anon,UPDATE,False
dv_market_private,seller_legal_profiles,authenticated,DELETE,False
dv_market_private,seller_legal_profiles,authenticated,INSERT,False
dv_market_private,seller_legal_profiles,authenticated,MAINTAIN,False
dv_market_private,seller_legal_profiles,authenticated,REFERENCES,False
dv_market_private,seller_legal_profiles,authenticated,SELECT,False
dv_market_private,seller_legal_profiles,authenticated,TRIGGER,False
dv_market_private,seller_legal_profiles,authenticated,TRUNCATE,False
dv_market_private,seller_legal_profiles,authenticated,UPDATE,False
dv_market_private,seller_legal_profiles,service_role,DELETE,False
dv_market_private,seller_legal_profiles,service_role,INSERT,False
dv_market_private,seller_legal_profiles,service_role,MAINTAIN,False
dv_market_private,seller_legal_profiles,service_role,REFERENCES,False
dv_market_private,seller_legal_profiles,service_role,SELECT,False
dv_market_private,seller_legal_profiles,service_role,TRIGGER,False
dv_market_private,seller_legal_profiles,service_role,TRUNCATE,False
dv_market_private,seller_legal_profiles,service_role,UPDATE,False
dv_market_private,seller_review_actions,anon,DELETE,False
dv_market_private,seller_review_actions,anon,INSERT,False
dv_market_private,seller_review_actions,anon,MAINTAIN,False
dv_market_private,seller_review_actions,anon,REFERENCES,False
dv_market_private,seller_review_actions,anon,SELECT,False
dv_market_private,seller_review_actions,anon,TRIGGER,False
dv_market_private,seller_review_actions,anon,TRUNCATE,False
dv_market_private,seller_review_actions,anon,UPDATE,False
dv_market_private,seller_review_actions,authenticated,DELETE,False
dv_market_private,seller_review_actions,authenticated,INSERT,False
dv_market_private,seller_review_actions,authenticated,MAINTAIN,False
dv_market_private,seller_review_actions,authenticated,REFERENCES,False
dv_market_private,seller_review_actions,authenticated,SELECT,False
dv_market_private,seller_review_actions,authenticated,TRIGGER,False
dv_market_private,seller_review_actions,authenticated,TRUNCATE,False
dv_market_private,seller_review_actions,authenticated,UPDATE,False
dv_market_private,seller_review_actions,service_role,DELETE,False
dv_market_private,seller_review_actions,service_role,INSERT,False
dv_market_private,seller_review_actions,service_role,MAINTAIN,False
dv_market_private,seller_review_actions,service_role,REFERENCES,False
dv_market_private,seller_review_actions,service_role,SELECT,False
dv_market_private,seller_review_actions,service_role,TRIGGER,False
dv_market_private,seller_review_actions,service_role,TRUNCATE,False
dv_market_private,seller_review_actions,service_role,UPDATE,False
dv_market_private,seller_tax_identifiers,anon,DELETE,False
dv_market_private,seller_tax_identifiers,anon,INSERT,False
dv_market_private,seller_tax_identifiers,anon,MAINTAIN,False
dv_market_private,seller_tax_identifiers,anon,REFERENCES,False
dv_market_private,seller_tax_identifiers,anon,SELECT,False
dv_market_private,seller_tax_identifiers,anon,TRIGGER,False
dv_market_private,seller_tax_identifiers,anon,TRUNCATE,False
dv_market_private,seller_tax_identifiers,anon,UPDATE,False
dv_market_private,seller_tax_identifiers,authenticated,DELETE,False
dv_market_private,seller_tax_identifiers,authenticated,INSERT,False
dv_market_private,seller_tax_identifiers,authenticated,MAINTAIN,False
dv_market_private,seller_tax_identifiers,authenticated,REFERENCES,False
dv_market_private,seller_tax_identifiers,authenticated,SELECT,False
dv_market_private,seller_tax_identifiers,authenticated,TRIGGER,False
dv_market_private,seller_tax_identifiers,authenticated,TRUNCATE,False
dv_market_private,seller_tax_identifiers,authenticated,UPDATE,False
dv_market_private,seller_tax_identifiers,service_role,DELETE,False
dv_market_private,seller_tax_identifiers,service_role,INSERT,False
dv_market_private,seller_tax_identifiers,service_role,MAINTAIN,False
dv_market_private,seller_tax_identifiers,service_role,REFERENCES,False
dv_market_private,seller_tax_identifiers,service_role,SELECT,False
dv_market_private,seller_tax_identifiers,service_role,TRIGGER,False
dv_market_private,seller_tax_identifiers,service_role,TRUNCATE,False
dv_market_private,seller_tax_identifiers,service_role,UPDATE,False
dv_market_private,trade_user_eligibility,anon,DELETE,False
dv_market_private,trade_user_eligibility,anon,INSERT,False
dv_market_private,trade_user_eligibility,anon,MAINTAIN,False
dv_market_private,trade_user_eligibility,anon,REFERENCES,False
dv_market_private,trade_user_eligibility,anon,SELECT,False
dv_market_private,trade_user_eligibility,anon,TRIGGER,False
dv_market_private,trade_user_eligibility,anon,TRUNCATE,False
dv_market_private,trade_user_eligibility,anon,UPDATE,False
dv_market_private,trade_user_eligibility,authenticated,DELETE,False
dv_market_private,trade_user_eligibility,authenticated,INSERT,False
dv_market_private,trade_user_eligibility,authenticated,MAINTAIN,False
dv_market_private,trade_user_eligibility,authenticated,REFERENCES,False
dv_market_private,trade_user_eligibility,authenticated,SELECT,False
dv_market_private,trade_user_eligibility,authenticated,TRIGGER,False
dv_market_private,trade_user_eligibility,authenticated,TRUNCATE,False
dv_market_private,trade_user_eligibility,authenticated,UPDATE,False
dv_market_private,trade_user_eligibility,service_role,DELETE,False
dv_market_private,trade_user_eligibility,service_role,INSERT,False
dv_market_private,trade_user_eligibility,service_role,MAINTAIN,False
dv_market_private,trade_user_eligibility,service_role,REFERENCES,False
dv_market_private,trade_user_eligibility,service_role,SELECT,False
dv_market_private,trade_user_eligibility,service_role,TRIGGER,False
dv_market_private,trade_user_eligibility,service_role,TRUNCATE,False
dv_market_private,trade_user_eligibility,service_role,UPDATE,False
dv_market_private,user_data_export_events,anon,DELETE,False
dv_market_private,user_data_export_events,anon,INSERT,False
dv_market_private,user_data_export_events,anon,MAINTAIN,False
dv_market_private,user_data_export_events,anon,REFERENCES,False
dv_market_private,user_data_export_events,anon,SELECT,False
dv_market_private,user_data_export_events,anon,TRIGGER,False
dv_market_private,user_data_export_events,anon,TRUNCATE,False
dv_market_private,user_data_export_events,anon,UPDATE,False
dv_market_private,user_data_export_events,authenticated,DELETE,False
dv_market_private,user_data_export_events,authenticated,INSERT,False
dv_market_private,user_data_export_events,authenticated,MAINTAIN,False
dv_market_private,user_data_export_events,authenticated,REFERENCES,False
dv_market_private,user_data_export_events,authenticated,SELECT,False
dv_market_private,user_data_export_events,authenticated,TRIGGER,False
dv_market_private,user_data_export_events,authenticated,TRUNCATE,False
dv_market_private,user_data_export_events,authenticated,UPDATE,False
dv_market_private,user_data_export_events,service_role,DELETE,False
dv_market_private,user_data_export_events,service_role,INSERT,False
dv_market_private,user_data_export_events,service_role,MAINTAIN,False
dv_market_private,user_data_export_events,service_role,REFERENCES,False
dv_market_private,user_data_export_events,service_role,SELECT,False
dv_market_private,user_data_export_events,service_role,TRIGGER,False
dv_market_private,user_data_export_events,service_role,TRUNCATE,False
dv_market_private,user_data_export_events,service_role,UPDATE,False
dv_v16_private,credit_period,anon,DELETE,False
dv_v16_private,credit_period,anon,INSERT,False
dv_v16_private,credit_period,anon,MAINTAIN,False
dv_v16_private,credit_period,anon,REFERENCES,False
dv_v16_private,credit_period,anon,SELECT,False
dv_v16_private,credit_period,anon,TRIGGER,False
dv_v16_private,credit_period,anon,TRUNCATE,False
dv_v16_private,credit_period,anon,UPDATE,False
dv_v16_private,credit_period,authenticated,DELETE,False
dv_v16_private,credit_period,authenticated,INSERT,False
dv_v16_private,credit_period,authenticated,MAINTAIN,False
dv_v16_private,credit_period,authenticated,REFERENCES,False
dv_v16_private,credit_period,authenticated,SELECT,False
dv_v16_private,credit_period,authenticated,TRIGGER,False
dv_v16_private,credit_period,authenticated,TRUNCATE,False
dv_v16_private,credit_period,authenticated,UPDATE,False
dv_v16_private,credit_period,service_role,DELETE,False
dv_v16_private,credit_period,service_role,INSERT,False
dv_v16_private,credit_period,service_role,MAINTAIN,False
dv_v16_private,credit_period,service_role,REFERENCES,False
dv_v16_private,credit_period,service_role,SELECT,False
dv_v16_private,credit_period,service_role,TRIGGER,False
dv_v16_private,credit_period,service_role,TRUNCATE,False
dv_v16_private,credit_period,service_role,UPDATE,False
dv_v16_private,openai_cost_import,anon,DELETE,False
dv_v16_private,openai_cost_import,anon,INSERT,False
dv_v16_private,openai_cost_import,anon,MAINTAIN,False
dv_v16_private,openai_cost_import,anon,REFERENCES,False
dv_v16_private,openai_cost_import,anon,SELECT,False
dv_v16_private,openai_cost_import,anon,TRIGGER,False
dv_v16_private,openai_cost_import,anon,TRUNCATE,False
dv_v16_private,openai_cost_import,anon,UPDATE,False
dv_v16_private,openai_cost_import,authenticated,DELETE,False
dv_v16_private,openai_cost_import,authenticated,INSERT,False
dv_v16_private,openai_cost_import,authenticated,MAINTAIN,False
dv_v16_private,openai_cost_import,authenticated,REFERENCES,False
dv_v16_private,openai_cost_import,authenticated,SELECT,False
dv_v16_private,openai_cost_import,authenticated,TRIGGER,False
dv_v16_private,openai_cost_import,authenticated,TRUNCATE,False
dv_v16_private,openai_cost_import,authenticated,UPDATE,False
dv_v16_private,openai_cost_import,service_role,DELETE,False
dv_v16_private,openai_cost_import,service_role,INSERT,False
dv_v16_private,openai_cost_import,service_role,MAINTAIN,False
dv_v16_private,openai_cost_import,service_role,REFERENCES,False
dv_v16_private,openai_cost_import,service_role,SELECT,False
dv_v16_private,openai_cost_import,service_role,TRIGGER,False
dv_v16_private,openai_cost_import,service_role,TRUNCATE,False
dv_v16_private,openai_cost_import,service_role,UPDATE,False
dv_v16_private,openai_monthly_cost,anon,DELETE,False
dv_v16_private,openai_monthly_cost,anon,INSERT,False
dv_v16_private,openai_monthly_cost,anon,MAINTAIN,False
dv_v16_private,openai_monthly_cost,anon,REFERENCES,False
dv_v16_private,openai_monthly_cost,anon,SELECT,False
dv_v16_private,openai_monthly_cost,anon,TRIGGER,False
dv_v16_private,openai_monthly_cost,anon,TRUNCATE,False
dv_v16_private,openai_monthly_cost,anon,UPDATE,False
dv_v16_private,openai_monthly_cost,authenticated,DELETE,False
dv_v16_private,openai_monthly_cost,authenticated,INSERT,False
dv_v16_private,openai_monthly_cost,authenticated,MAINTAIN,False
dv_v16_private,openai_monthly_cost,authenticated,REFERENCES,False
dv_v16_private,openai_monthly_cost,authenticated,SELECT,False
dv_v16_private,openai_monthly_cost,authenticated,TRIGGER,False
dv_v16_private,openai_monthly_cost,authenticated,TRUNCATE,False
dv_v16_private,openai_monthly_cost,authenticated,UPDATE,False
dv_v16_private,openai_monthly_cost,service_role,DELETE,False
dv_v16_private,openai_monthly_cost,service_role,INSERT,False
dv_v16_private,openai_monthly_cost,service_role,MAINTAIN,False
dv_v16_private,openai_monthly_cost,service_role,REFERENCES,False
dv_v16_private,openai_monthly_cost,service_role,SELECT,False
dv_v16_private,openai_monthly_cost,service_role,TRIGGER,False
dv_v16_private,openai_monthly_cost,service_role,TRUNCATE,False
dv_v16_private,openai_monthly_cost,service_role,UPDATE,False
dv_v16_private,openai_scan_policy,anon,DELETE,False
dv_v16_private,openai_scan_policy,anon,INSERT,False
dv_v16_private,openai_scan_policy,anon,MAINTAIN,False
dv_v16_private,openai_scan_policy,anon,REFERENCES,False
dv_v16_private,openai_scan_policy,anon,SELECT,False
dv_v16_private,openai_scan_policy,anon,TRIGGER,False
dv_v16_private,openai_scan_policy,anon,TRUNCATE,False
dv_v16_private,openai_scan_policy,anon,UPDATE,False
dv_v16_private,openai_scan_policy,authenticated,DELETE,False
dv_v16_private,openai_scan_policy,authenticated,INSERT,False
dv_v16_private,openai_scan_policy,authenticated,MAINTAIN,False
dv_v16_private,openai_scan_policy,authenticated,REFERENCES,False
dv_v16_private,openai_scan_policy,authenticated,SELECT,False
dv_v16_private,openai_scan_policy,authenticated,TRIGGER,False
dv_v16_private,openai_scan_policy,authenticated,TRUNCATE,False
dv_v16_private,openai_scan_policy,authenticated,UPDATE,False
dv_v16_private,openai_scan_policy,service_role,DELETE,False
dv_v16_private,openai_scan_policy,service_role,INSERT,False
dv_v16_private,openai_scan_policy,service_role,MAINTAIN,False
dv_v16_private,openai_scan_policy,service_role,REFERENCES,False
dv_v16_private,openai_scan_policy,service_role,SELECT,False
dv_v16_private,openai_scan_policy,service_role,TRIGGER,False
dv_v16_private,openai_scan_policy,service_role,TRUNCATE,False
dv_v16_private,openai_scan_policy,service_role,UPDATE,False
dv_v16_private,openai_scan_reservation,anon,DELETE,False
dv_v16_private,openai_scan_reservation,anon,INSERT,False
dv_v16_private,openai_scan_reservation,anon,MAINTAIN,False
dv_v16_private,openai_scan_reservation,anon,REFERENCES,False
dv_v16_private,openai_scan_reservation,anon,SELECT,False
dv_v16_private,openai_scan_reservation,anon,TRIGGER,False
dv_v16_private,openai_scan_reservation,anon,TRUNCATE,False
dv_v16_private,openai_scan_reservation,anon,UPDATE,False
dv_v16_private,openai_scan_reservation,authenticated,DELETE,False
dv_v16_private,openai_scan_reservation,authenticated,INSERT,False
dv_v16_private,openai_scan_reservation,authenticated,MAINTAIN,False
dv_v16_private,openai_scan_reservation,authenticated,REFERENCES,False
dv_v16_private,openai_scan_reservation,authenticated,SELECT,False
dv_v16_private,openai_scan_reservation,authenticated,TRIGGER,False
dv_v16_private,openai_scan_reservation,authenticated,TRUNCATE,False
dv_v16_private,openai_scan_reservation,authenticated,UPDATE,False
dv_v16_private,openai_scan_reservation,service_role,DELETE,False
dv_v16_private,openai_scan_reservation,service_role,INSERT,False
dv_v16_private,openai_scan_reservation,service_role,MAINTAIN,False
dv_v16_private,openai_scan_reservation,service_role,REFERENCES,False
dv_v16_private,openai_scan_reservation,service_role,SELECT,False
dv_v16_private,openai_scan_reservation,service_role,TRIGGER,False
dv_v16_private,openai_scan_reservation,service_role,TRUNCATE,False
dv_v16_private,openai_scan_reservation,service_role,UPDATE,False
dv_v16_private,openai_weekly_usage,anon,DELETE,False
dv_v16_private,openai_weekly_usage,anon,INSERT,False
dv_v16_private,openai_weekly_usage,anon,MAINTAIN,False
dv_v16_private,openai_weekly_usage,anon,REFERENCES,False
dv_v16_private,openai_weekly_usage,anon,SELECT,False
dv_v16_private,openai_weekly_usage,anon,TRIGGER,False
dv_v16_private,openai_weekly_usage,anon,TRUNCATE,False
dv_v16_private,openai_weekly_usage,anon,UPDATE,False
dv_v16_private,openai_weekly_usage,authenticated,DELETE,False
dv_v16_private,openai_weekly_usage,authenticated,INSERT,False
dv_v16_private,openai_weekly_usage,authenticated,MAINTAIN,False
dv_v16_private,openai_weekly_usage,authenticated,REFERENCES,False
dv_v16_private,openai_weekly_usage,authenticated,SELECT,False
dv_v16_private,openai_weekly_usage,authenticated,TRIGGER,False
dv_v16_private,openai_weekly_usage,authenticated,TRUNCATE,False
dv_v16_private,openai_weekly_usage,authenticated,UPDATE,False
dv_v16_private,openai_weekly_usage,service_role,DELETE,False
dv_v16_private,openai_weekly_usage,service_role,INSERT,False
dv_v16_private,openai_weekly_usage,service_role,MAINTAIN,False
dv_v16_private,openai_weekly_usage,service_role,REFERENCES,False
dv_v16_private,openai_weekly_usage,service_role,SELECT,False
dv_v16_private,openai_weekly_usage,service_role,TRIGGER,False
dv_v16_private,openai_weekly_usage,service_role,TRUNCATE,False
dv_v16_private,openai_weekly_usage,service_role,UPDATE,False
dv_v16_private,scan_policy,anon,DELETE,False
dv_v16_private,scan_policy,anon,INSERT,False
dv_v16_private,scan_policy,anon,MAINTAIN,False
dv_v16_private,scan_policy,anon,REFERENCES,False
dv_v16_private,scan_policy,anon,SELECT,False
dv_v16_private,scan_policy,anon,TRIGGER,False
dv_v16_private,scan_policy,anon,TRUNCATE,False
dv_v16_private,scan_policy,anon,UPDATE,False
dv_v16_private,scan_policy,authenticated,DELETE,False
dv_v16_private,scan_policy,authenticated,INSERT,False
dv_v16_private,scan_policy,authenticated,MAINTAIN,False
dv_v16_private,scan_policy,authenticated,REFERENCES,False
dv_v16_private,scan_policy,authenticated,SELECT,False
dv_v16_private,scan_policy,authenticated,TRIGGER,False
dv_v16_private,scan_policy,authenticated,TRUNCATE,False
dv_v16_private,scan_policy,authenticated,UPDATE,False
dv_v16_private,scan_policy,service_role,DELETE,False
dv_v16_private,scan_policy,service_role,INSERT,False
dv_v16_private,scan_policy,service_role,MAINTAIN,False
dv_v16_private,scan_policy,service_role,REFERENCES,False
dv_v16_private,scan_policy,service_role,SELECT,False
dv_v16_private,scan_policy,service_role,TRIGGER,False
dv_v16_private,scan_policy,service_role,TRUNCATE,False
dv_v16_private,scan_policy,service_role,UPDATE,False
dv_v16_private,scan_reservation,anon,DELETE,False
dv_v16_private,scan_reservation,anon,INSERT,False
dv_v16_private,scan_reservation,anon,MAINTAIN,False
dv_v16_private,scan_reservation,anon,REFERENCES,False
dv_v16_private,scan_reservation,anon,SELECT,False
dv_v16_private,scan_reservation,anon,TRIGGER,False
dv_v16_private,scan_reservation,anon,TRUNCATE,False
dv_v16_private,scan_reservation,anon,UPDATE,False
dv_v16_private,scan_reservation,authenticated,DELETE,False
dv_v16_private,scan_reservation,authenticated,INSERT,False
dv_v16_private,scan_reservation,authenticated,MAINTAIN,False
dv_v16_private,scan_reservation,authenticated,REFERENCES,False
dv_v16_private,scan_reservation,authenticated,SELECT,False
dv_v16_private,scan_reservation,authenticated,TRIGGER,False
dv_v16_private,scan_reservation,authenticated,TRUNCATE,False
dv_v16_private,scan_reservation,authenticated,UPDATE,False
dv_v16_private,scan_reservation,service_role,DELETE,False
dv_v16_private,scan_reservation,service_role,INSERT,False
dv_v16_private,scan_reservation,service_role,MAINTAIN,False
dv_v16_private,scan_reservation,service_role,REFERENCES,False
dv_v16_private,scan_reservation,service_role,SELECT,False
dv_v16_private,scan_reservation,service_role,TRIGGER,False
dv_v16_private,scan_reservation,service_role,TRUNCATE,False
dv_v16_private,scan_reservation,service_role,UPDATE,False
dv_v16_private,weekly_usage,anon,DELETE,False
dv_v16_private,weekly_usage,anon,INSERT,False
dv_v16_private,weekly_usage,anon,MAINTAIN,False
dv_v16_private,weekly_usage,anon,REFERENCES,False
dv_v16_private,weekly_usage,anon,SELECT,False
dv_v16_private,weekly_usage,anon,TRIGGER,False
dv_v16_private,weekly_usage,anon,TRUNCATE,False
dv_v16_private,weekly_usage,anon,UPDATE,False
dv_v16_private,weekly_usage,authenticated,DELETE,False
dv_v16_private,weekly_usage,authenticated,INSERT,False
dv_v16_private,weekly_usage,authenticated,MAINTAIN,False
dv_v16_private,weekly_usage,authenticated,REFERENCES,False
dv_v16_private,weekly_usage,authenticated,SELECT,False
dv_v16_private,weekly_usage,authenticated,TRIGGER,False
dv_v16_private,weekly_usage,authenticated,TRUNCATE,False
dv_v16_private,weekly_usage,authenticated,UPDATE,False
dv_v16_private,weekly_usage,service_role,DELETE,False
dv_v16_private,weekly_usage,service_role,INSERT,False
dv_v16_private,weekly_usage,service_role,MAINTAIN,False
dv_v16_private,weekly_usage,service_role,REFERENCES,False
dv_v16_private,weekly_usage,service_role,SELECT,False
dv_v16_private,weekly_usage,service_role,TRIGGER,False
dv_v16_private,weekly_usage,service_role,TRUNCATE,False
dv_v16_private,weekly_usage,service_role,UPDATE,False
public,admin_audit_log,anon,DELETE,False
public,admin_audit_log,anon,INSERT,False
public,admin_audit_log,anon,MAINTAIN,False
public,admin_audit_log,anon,REFERENCES,False
public,admin_audit_log,anon,SELECT,False
public,admin_audit_log,anon,TRIGGER,False
public,admin_audit_log,anon,TRUNCATE,False
public,admin_audit_log,anon,UPDATE,False
public,admin_audit_log,authenticated,DELETE,False
public,admin_audit_log,authenticated,INSERT,False
public,admin_audit_log,authenticated,MAINTAIN,False
public,admin_audit_log,authenticated,REFERENCES,False
public,admin_audit_log,authenticated,SELECT,True
public,admin_audit_log,authenticated,TRIGGER,False
public,admin_audit_log,authenticated,TRUNCATE,False
public,admin_audit_log,authenticated,UPDATE,False
public,admin_audit_log,service_role,DELETE,False
public,admin_audit_log,service_role,INSERT,False
public,admin_audit_log,service_role,MAINTAIN,False
public,admin_audit_log,service_role,REFERENCES,False
public,admin_audit_log,service_role,SELECT,False
public,admin_audit_log,service_role,TRIGGER,False
public,admin_audit_log,service_role,TRUNCATE,False
public,admin_audit_log,service_role,UPDATE,False
public,battle_matches,anon,DELETE,False
public,battle_matches,anon,INSERT,False
public,battle_matches,anon,MAINTAIN,False
public,battle_matches,anon,REFERENCES,False
public,battle_matches,anon,SELECT,False
public,battle_matches,anon,TRIGGER,False
public,battle_matches,anon,TRUNCATE,False
public,battle_matches,anon,UPDATE,False
public,battle_matches,authenticated,DELETE,False
public,battle_matches,authenticated,INSERT,False
public,battle_matches,authenticated,MAINTAIN,False
public,battle_matches,authenticated,REFERENCES,False
public,battle_matches,authenticated,SELECT,True
public,battle_matches,authenticated,TRIGGER,False
public,battle_matches,authenticated,TRUNCATE,False
public,battle_matches,authenticated,UPDATE,False
public,battle_matches,service_role,DELETE,False
public,battle_matches,service_role,INSERT,False
public,battle_matches,service_role,MAINTAIN,False
public,battle_matches,service_role,REFERENCES,False
public,battle_matches,service_role,SELECT,False
public,battle_matches,service_role,TRIGGER,False
public,battle_matches,service_role,TRUNCATE,False
public,battle_matches,service_role,UPDATE,False
public,battle_rating_events,anon,DELETE,False
public,battle_rating_events,anon,INSERT,False
public,battle_rating_events,anon,MAINTAIN,False
public,battle_rating_events,anon,REFERENCES,False
public,battle_rating_events,anon,SELECT,False
public,battle_rating_events,anon,TRIGGER,False
public,battle_rating_events,anon,TRUNCATE,False
public,battle_rating_events,anon,UPDATE,False
public,battle_rating_events,authenticated,DELETE,False
public,battle_rating_events,authenticated,INSERT,False
public,battle_rating_events,authenticated,MAINTAIN,False
public,battle_rating_events,authenticated,REFERENCES,False
public,battle_rating_events,authenticated,SELECT,False
public,battle_rating_events,authenticated,TRIGGER,False
public,battle_rating_events,authenticated,TRUNCATE,False
public,battle_rating_events,authenticated,UPDATE,False
public,battle_rating_events,service_role,DELETE,False
public,battle_rating_events,service_role,INSERT,False
public,battle_rating_events,service_role,MAINTAIN,False
public,battle_rating_events,service_role,REFERENCES,False
public,battle_rating_events,service_role,SELECT,False
public,battle_rating_events,service_role,TRIGGER,False
public,battle_rating_events,service_role,TRUNCATE,False
public,battle_rating_events,service_role,UPDATE,False
public,battle_ratings,anon,DELETE,False
public,battle_ratings,anon,INSERT,False
public,battle_ratings,anon,MAINTAIN,False
public,battle_ratings,anon,REFERENCES,False
public,battle_ratings,anon,SELECT,False
public,battle_ratings,anon,TRIGGER,False
public,battle_ratings,anon,TRUNCATE,False
public,battle_ratings,anon,UPDATE,False
public,battle_ratings,authenticated,DELETE,False
public,battle_ratings,authenticated,INSERT,False
public,battle_ratings,authenticated,MAINTAIN,False
public,battle_ratings,authenticated,REFERENCES,False
public,battle_ratings,authenticated,SELECT,True
public,battle_ratings,authenticated,TRIGGER,False
public,battle_ratings,authenticated,TRUNCATE,False
public,battle_ratings,authenticated,UPDATE,False
public,battle_ratings,service_role,DELETE,False
public,battle_ratings,service_role,INSERT,False
public,battle_ratings,service_role,MAINTAIN,False
public,battle_ratings,service_role,REFERENCES,False
public,battle_ratings,service_role,SELECT,False
public,battle_ratings,service_role,TRIGGER,False
public,battle_ratings,service_role,TRUNCATE,False
public,battle_ratings,service_role,UPDATE,False
public,battle_reports,anon,DELETE,False
public,battle_reports,anon,INSERT,False
public,battle_reports,anon,MAINTAIN,False
public,battle_reports,anon,REFERENCES,False
public,battle_reports,anon,SELECT,False
public,battle_reports,anon,TRIGGER,False
public,battle_reports,anon,TRUNCATE,False
public,battle_reports,anon,UPDATE,False
public,battle_reports,authenticated,DELETE,False
public,battle_reports,authenticated,INSERT,True
public,battle_reports,authenticated,MAINTAIN,False
public,battle_reports,authenticated,REFERENCES,False
public,battle_reports,authenticated,SELECT,True
public,battle_reports,authenticated,TRIGGER,False
public,battle_reports,authenticated,TRUNCATE,False
public,battle_reports,authenticated,UPDATE,False
public,battle_reports,service_role,DELETE,False
public,battle_reports,service_role,INSERT,False
public,battle_reports,service_role,MAINTAIN,False
public,battle_reports,service_role,REFERENCES,False
public,battle_reports,service_role,SELECT,False
public,battle_reports,service_role,TRIGGER,False
public,battle_reports,service_role,TRUNCATE,False
public,battle_reports,service_role,UPDATE,False
public,battle_signals,anon,DELETE,False
public,battle_signals,anon,INSERT,False
public,battle_signals,anon,MAINTAIN,False
public,battle_signals,anon,REFERENCES,False
public,battle_signals,anon,SELECT,False
public,battle_signals,anon,TRIGGER,False
public,battle_signals,anon,TRUNCATE,False
public,battle_signals,anon,UPDATE,False
public,battle_signals,authenticated,DELETE,False
public,battle_signals,authenticated,INSERT,True
public,battle_signals,authenticated,MAINTAIN,False
public,battle_signals,authenticated,REFERENCES,False
public,battle_signals,authenticated,SELECT,True
public,battle_signals,authenticated,TRIGGER,False
public,battle_signals,authenticated,TRUNCATE,False
public,battle_signals,authenticated,UPDATE,False
public,battle_signals,service_role,DELETE,False
public,battle_signals,service_role,INSERT,False
public,battle_signals,service_role,MAINTAIN,False
public,battle_signals,service_role,REFERENCES,False
public,battle_signals,service_role,SELECT,False
public,battle_signals,service_role,TRIGGER,False
public,battle_signals,service_role,TRUNCATE,False
public,battle_signals,service_role,UPDATE,False
public,beta_waitlist,anon,DELETE,False
public,beta_waitlist,anon,INSERT,False
public,beta_waitlist,anon,MAINTAIN,False
public,beta_waitlist,anon,REFERENCES,False
public,beta_waitlist,anon,SELECT,False
public,beta_waitlist,anon,TRIGGER,False
public,beta_waitlist,anon,TRUNCATE,False
public,beta_waitlist,anon,UPDATE,False
public,beta_waitlist,authenticated,DELETE,False
public,beta_waitlist,authenticated,INSERT,False
public,beta_waitlist,authenticated,MAINTAIN,False
public,beta_waitlist,authenticated,REFERENCES,False
public,beta_waitlist,authenticated,SELECT,True
public,beta_waitlist,authenticated,TRIGGER,False
public,beta_waitlist,authenticated,TRUNCATE,False
public,beta_waitlist,authenticated,UPDATE,False
public,beta_waitlist,service_role,DELETE,False
public,beta_waitlist,service_role,INSERT,False
public,beta_waitlist,service_role,MAINTAIN,False
public,beta_waitlist,service_role,REFERENCES,False
public,beta_waitlist,service_role,SELECT,False
public,beta_waitlist,service_role,TRIGGER,False
public,beta_waitlist,service_role,TRUNCATE,False
public,beta_waitlist,service_role,UPDATE,False
public,collection_folders,anon,DELETE,False
public,collection_folders,anon,INSERT,False
public,collection_folders,anon,MAINTAIN,False
public,collection_folders,anon,REFERENCES,False
public,collection_folders,anon,SELECT,False
public,collection_folders,anon,TRIGGER,False
public,collection_folders,anon,TRUNCATE,False
public,collection_folders,anon,UPDATE,False
public,collection_folders,authenticated,DELETE,False
public,collection_folders,authenticated,INSERT,True
public,collection_folders,authenticated,MAINTAIN,False
public,collection_folders,authenticated,REFERENCES,False
public,collection_folders,authenticated,SELECT,True
public,collection_folders,authenticated,TRIGGER,False
public,collection_folders,authenticated,TRUNCATE,False
public,collection_folders,authenticated,UPDATE,True
public,collection_folders,service_role,DELETE,False
public,collection_folders,service_role,INSERT,False
public,collection_folders,service_role,MAINTAIN,False
public,collection_folders,service_role,REFERENCES,False
public,collection_folders,service_role,SELECT,True
public,collection_folders,service_role,TRIGGER,False
public,collection_folders,service_role,TRUNCATE,False
public,collection_folders,service_role,UPDATE,False
public,collection_items,anon,DELETE,False
public,collection_items,anon,INSERT,False
public,collection_items,anon,MAINTAIN,False
public,collection_items,anon,REFERENCES,False
public,collection_items,anon,SELECT,False
public,collection_items,anon,TRIGGER,False
public,collection_items,anon,TRUNCATE,False
public,collection_items,anon,UPDATE,False
public,collection_items,authenticated,DELETE,True
public,collection_items,authenticated,INSERT,True
public,collection_items,authenticated,MAINTAIN,False
public,collection_items,authenticated,REFERENCES,False
public,collection_items,authenticated,SELECT,True
public,collection_items,authenticated,TRIGGER,False
public,collection_items,authenticated,TRUNCATE,False
public,collection_items,authenticated,UPDATE,True
public,collection_items,service_role,DELETE,False
public,collection_items,service_role,INSERT,False
public,collection_items,service_role,MAINTAIN,False
public,collection_items,service_role,REFERENCES,False
public,collection_items,service_role,SELECT,True
public,collection_items,service_role,TRIGGER,False
public,collection_items,service_role,TRUNCATE,False
public,collection_items,service_role,UPDATE,False
public,market_deal_shipping_addresses,anon,DELETE,False
public,market_deal_shipping_addresses,anon,INSERT,False
public,market_deal_shipping_addresses,anon,MAINTAIN,False
public,market_deal_shipping_addresses,anon,REFERENCES,False
public,market_deal_shipping_addresses,anon,SELECT,False
public,market_deal_shipping_addresses,anon,TRIGGER,False
public,market_deal_shipping_addresses,anon,TRUNCATE,False
public,market_deal_shipping_addresses,anon,UPDATE,False
public,market_deal_shipping_addresses,authenticated,DELETE,False
public,market_deal_shipping_addresses,authenticated,INSERT,False
public,market_deal_shipping_addresses,authenticated,MAINTAIN,False
public,market_deal_shipping_addresses,authenticated,REFERENCES,False
public,market_deal_shipping_addresses,authenticated,SELECT,False
public,market_deal_shipping_addresses,authenticated,TRIGGER,False
public,market_deal_shipping_addresses,authenticated,TRUNCATE,False
public,market_deal_shipping_addresses,authenticated,UPDATE,False
public,market_deal_shipping_addresses,service_role,DELETE,False
public,market_deal_shipping_addresses,service_role,INSERT,False
public,market_deal_shipping_addresses,service_role,MAINTAIN,False
public,market_deal_shipping_addresses,service_role,REFERENCES,False
public,market_deal_shipping_addresses,service_role,SELECT,False
public,market_deal_shipping_addresses,service_role,TRIGGER,False
public,market_deal_shipping_addresses,service_role,TRUNCATE,False
public,market_deal_shipping_addresses,service_role,UPDATE,False
public,market_deals,anon,DELETE,False
public,market_deals,anon,INSERT,False
public,market_deals,anon,MAINTAIN,False
public,market_deals,anon,REFERENCES,False
public,market_deals,anon,SELECT,False
public,market_deals,anon,TRIGGER,False
public,market_deals,anon,TRUNCATE,False
public,market_deals,anon,UPDATE,False
public,market_deals,authenticated,DELETE,False
public,market_deals,authenticated,INSERT,False
public,market_deals,authenticated,MAINTAIN,False
public,market_deals,authenticated,REFERENCES,False
public,market_deals,authenticated,SELECT,False
public,market_deals,authenticated,TRIGGER,False
public,market_deals,authenticated,TRUNCATE,False
public,market_deals,authenticated,UPDATE,False
public,market_deals,service_role,DELETE,False
public,market_deals,service_role,INSERT,False
public,market_deals,service_role,MAINTAIN,False
public,market_deals,service_role,REFERENCES,False
public,market_deals,service_role,SELECT,False
public,market_deals,service_role,TRIGGER,False
public,market_deals,service_role,TRUNCATE,False
public,market_deals,service_role,UPDATE,False
public,market_default_shipping_addresses,anon,DELETE,False
public,market_default_shipping_addresses,anon,INSERT,False
public,market_default_shipping_addresses,anon,MAINTAIN,False
public,market_default_shipping_addresses,anon,REFERENCES,False
public,market_default_shipping_addresses,anon,SELECT,False
public,market_default_shipping_addresses,anon,TRIGGER,False
public,market_default_shipping_addresses,anon,TRUNCATE,False
public,market_default_shipping_addresses,anon,UPDATE,False
public,market_default_shipping_addresses,authenticated,DELETE,False
public,market_default_shipping_addresses,authenticated,INSERT,False
public,market_default_shipping_addresses,authenticated,MAINTAIN,False
public,market_default_shipping_addresses,authenticated,REFERENCES,False
public,market_default_shipping_addresses,authenticated,SELECT,False
public,market_default_shipping_addresses,authenticated,TRIGGER,False
public,market_default_shipping_addresses,authenticated,TRUNCATE,False
public,market_default_shipping_addresses,authenticated,UPDATE,False
public,market_default_shipping_addresses,service_role,DELETE,False
public,market_default_shipping_addresses,service_role,INSERT,False
public,market_default_shipping_addresses,service_role,MAINTAIN,False
public,market_default_shipping_addresses,service_role,REFERENCES,False
public,market_default_shipping_addresses,service_role,SELECT,False
public,market_default_shipping_addresses,service_role,TRIGGER,False
public,market_default_shipping_addresses,service_role,TRUNCATE,False
public,market_default_shipping_addresses,service_role,UPDATE,False
public,market_listing_images,anon,DELETE,False
public,market_listing_images,anon,INSERT,False
public,market_listing_images,anon,MAINTAIN,False
public,market_listing_images,anon,REFERENCES,False
public,market_listing_images,anon,SELECT,False
public,market_listing_images,anon,TRIGGER,False
public,market_listing_images,anon,TRUNCATE,False
public,market_listing_images,anon,UPDATE,False
public,market_listing_images,authenticated,DELETE,False
public,market_listing_images,authenticated,INSERT,False
public,market_listing_images,authenticated,MAINTAIN,False
public,market_listing_images,authenticated,REFERENCES,False
public,market_listing_images,authenticated,SELECT,False
public,market_listing_images,authenticated,TRIGGER,False
public,market_listing_images,authenticated,TRUNCATE,False
public,market_listing_images,authenticated,UPDATE,False
public,market_listing_images,service_role,DELETE,False
public,market_listing_images,service_role,INSERT,False
public,market_listing_images,service_role,MAINTAIN,False
public,market_listing_images,service_role,REFERENCES,False
public,market_listing_images,service_role,SELECT,False
public,market_listing_images,service_role,TRIGGER,False
public,market_listing_images,service_role,TRUNCATE,False
public,market_listing_images,service_role,UPDATE,False
public,market_listings,anon,DELETE,False
public,market_listings,anon,INSERT,False
public,market_listings,anon,MAINTAIN,False
public,market_listings,anon,REFERENCES,False
public,market_listings,anon,SELECT,False
public,market_listings,anon,TRIGGER,False
public,market_listings,anon,TRUNCATE,False
public,market_listings,anon,UPDATE,False
public,market_listings,authenticated,DELETE,True
public,market_listings,authenticated,INSERT,True
public,market_listings,authenticated,MAINTAIN,False
public,market_listings,authenticated,REFERENCES,False
public,market_listings,authenticated,SELECT,True
public,market_listings,authenticated,TRIGGER,False
public,market_listings,authenticated,TRUNCATE,False
public,market_listings,authenticated,UPDATE,True
public,market_listings,service_role,DELETE,False
public,market_listings,service_role,INSERT,False
public,market_listings,service_role,MAINTAIN,False
public,market_listings,service_role,REFERENCES,False
public,market_listings,service_role,SELECT,True
public,market_listings,service_role,TRIGGER,False
public,market_listings,service_role,TRUNCATE,False
public,market_listings,service_role,UPDATE,False
public,market_notification_sync_state,anon,DELETE,False
public,market_notification_sync_state,anon,INSERT,False
public,market_notification_sync_state,anon,MAINTAIN,False
public,market_notification_sync_state,anon,REFERENCES,False
public,market_notification_sync_state,anon,SELECT,False
public,market_notification_sync_state,anon,TRIGGER,False
public,market_notification_sync_state,anon,TRUNCATE,False
public,market_notification_sync_state,anon,UPDATE,False
public,market_notification_sync_state,authenticated,DELETE,False
public,market_notification_sync_state,authenticated,INSERT,False
public,market_notification_sync_state,authenticated,MAINTAIN,False
public,market_notification_sync_state,authenticated,REFERENCES,False
public,market_notification_sync_state,authenticated,SELECT,False
public,market_notification_sync_state,authenticated,TRIGGER,False
public,market_notification_sync_state,authenticated,TRUNCATE,False
public,market_notification_sync_state,authenticated,UPDATE,False
public,market_notification_sync_state,service_role,DELETE,False
public,market_notification_sync_state,service_role,INSERT,False
public,market_notification_sync_state,service_role,MAINTAIN,False
public,market_notification_sync_state,service_role,REFERENCES,False
public,market_notification_sync_state,service_role,SELECT,False
public,market_notification_sync_state,service_role,TRIGGER,False
public,market_notification_sync_state,service_role,TRUNCATE,False
public,market_notification_sync_state,service_role,UPDATE,False
public,market_notifications,anon,DELETE,False
public,market_notifications,anon,INSERT,False
public,market_notifications,anon,MAINTAIN,False
public,market_notifications,anon,REFERENCES,False
public,market_notifications,anon,SELECT,False
public,market_notifications,anon,TRIGGER,False
public,market_notifications,anon,TRUNCATE,False
public,market_notifications,anon,UPDATE,False
public,market_notifications,authenticated,DELETE,False
public,market_notifications,authenticated,INSERT,False
public,market_notifications,authenticated,MAINTAIN,False
public,market_notifications,authenticated,REFERENCES,False
public,market_notifications,authenticated,SELECT,False
public,market_notifications,authenticated,TRIGGER,False
public,market_notifications,authenticated,TRUNCATE,False
public,market_notifications,authenticated,UPDATE,False
public,market_notifications,service_role,DELETE,False
public,market_notifications,service_role,INSERT,False
public,market_notifications,service_role,MAINTAIN,False
public,market_notifications,service_role,REFERENCES,False
public,market_notifications,service_role,SELECT,False
public,market_notifications,service_role,TRIGGER,False
public,market_notifications,service_role,TRUNCATE,False
public,market_notifications,service_role,UPDATE,False
public,market_offers,anon,DELETE,False
public,market_offers,anon,INSERT,False
public,market_offers,anon,MAINTAIN,False
public,market_offers,anon,REFERENCES,False
public,market_offers,anon,SELECT,False
public,market_offers,anon,TRIGGER,False
public,market_offers,anon,TRUNCATE,False
public,market_offers,anon,UPDATE,False
public,market_offers,authenticated,DELETE,True
public,market_offers,authenticated,INSERT,False
public,market_offers,authenticated,MAINTAIN,False
public,market_offers,authenticated,REFERENCES,False
public,market_offers,authenticated,SELECT,True
public,market_offers,authenticated,TRIGGER,False
public,market_offers,authenticated,TRUNCATE,False
public,market_offers,authenticated,UPDATE,False
public,market_offers,service_role,DELETE,False
public,market_offers,service_role,INSERT,False
public,market_offers,service_role,MAINTAIN,False
public,market_offers,service_role,REFERENCES,False
public,market_offers,service_role,SELECT,False
public,market_offers,service_role,TRIGGER,False
public,market_offers,service_role,TRUNCATE,False
public,market_offers,service_role,UPDATE,False
public,market_order_cases,anon,DELETE,False
public,market_order_cases,anon,INSERT,False
public,market_order_cases,anon,MAINTAIN,False
public,market_order_cases,anon,REFERENCES,False
public,market_order_cases,anon,SELECT,False
public,market_order_cases,anon,TRIGGER,False
public,market_order_cases,anon,TRUNCATE,False
public,market_order_cases,anon,UPDATE,False
public,market_order_cases,authenticated,DELETE,False
public,market_order_cases,authenticated,INSERT,False
public,market_order_cases,authenticated,MAINTAIN,False
public,market_order_cases,authenticated,REFERENCES,False
public,market_order_cases,authenticated,SELECT,False
public,market_order_cases,authenticated,TRIGGER,False
public,market_order_cases,authenticated,TRUNCATE,False
public,market_order_cases,authenticated,UPDATE,False
public,market_order_cases,service_role,DELETE,False
public,market_order_cases,service_role,INSERT,False
public,market_order_cases,service_role,MAINTAIN,False
public,market_order_cases,service_role,REFERENCES,False
public,market_order_cases,service_role,SELECT,False
public,market_order_cases,service_role,TRIGGER,False
public,market_order_cases,service_role,TRUNCATE,False
public,market_order_cases,service_role,UPDATE,False
public,market_order_items,anon,DELETE,False
public,market_order_items,anon,INSERT,False
public,market_order_items,anon,MAINTAIN,False
public,market_order_items,anon,REFERENCES,False
public,market_order_items,anon,SELECT,False
public,market_order_items,anon,TRIGGER,False
public,market_order_items,anon,TRUNCATE,False
public,market_order_items,anon,UPDATE,False
public,market_order_items,authenticated,DELETE,False
public,market_order_items,authenticated,INSERT,False
public,market_order_items,authenticated,MAINTAIN,False
public,market_order_items,authenticated,REFERENCES,False
public,market_order_items,authenticated,SELECT,False
public,market_order_items,authenticated,TRIGGER,False
public,market_order_items,authenticated,TRUNCATE,False
public,market_order_items,authenticated,UPDATE,False
public,market_order_items,service_role,DELETE,False
public,market_order_items,service_role,INSERT,False
public,market_order_items,service_role,MAINTAIN,False
public,market_order_items,service_role,REFERENCES,False
public,market_order_items,service_role,SELECT,False
public,market_order_items,service_role,TRIGGER,False
public,market_order_items,service_role,TRUNCATE,False
public,market_order_items,service_role,UPDATE,False
public,market_order_payments,anon,DELETE,False
public,market_order_payments,anon,INSERT,False
public,market_order_payments,anon,MAINTAIN,False
public,market_order_payments,anon,REFERENCES,False
public,market_order_payments,anon,SELECT,False
public,market_order_payments,anon,TRIGGER,False
public,market_order_payments,anon,TRUNCATE,False
public,market_order_payments,anon,UPDATE,False
public,market_order_payments,authenticated,DELETE,False
public,market_order_payments,authenticated,INSERT,False
public,market_order_payments,authenticated,MAINTAIN,False
public,market_order_payments,authenticated,REFERENCES,False
public,market_order_payments,authenticated,SELECT,False
public,market_order_payments,authenticated,TRIGGER,False
public,market_order_payments,authenticated,TRUNCATE,False
public,market_order_payments,authenticated,UPDATE,False
public,market_order_payments,service_role,DELETE,False
public,market_order_payments,service_role,INSERT,False
public,market_order_payments,service_role,MAINTAIN,False
public,market_order_payments,service_role,REFERENCES,False
public,market_order_payments,service_role,SELECT,False
public,market_order_payments,service_role,TRIGGER,False
public,market_order_payments,service_role,TRUNCATE,False
public,market_order_payments,service_role,UPDATE,False
public,market_order_shipping_access_log,anon,DELETE,False
public,market_order_shipping_access_log,anon,INSERT,False
public,market_order_shipping_access_log,anon,MAINTAIN,False
public,market_order_shipping_access_log,anon,REFERENCES,False
public,market_order_shipping_access_log,anon,SELECT,False
public,market_order_shipping_access_log,anon,TRIGGER,False
public,market_order_shipping_access_log,anon,TRUNCATE,False
public,market_order_shipping_access_log,anon,UPDATE,False
public,market_order_shipping_access_log,authenticated,DELETE,False
public,market_order_shipping_access_log,authenticated,INSERT,False
public,market_order_shipping_access_log,authenticated,MAINTAIN,False
public,market_order_shipping_access_log,authenticated,REFERENCES,False
public,market_order_shipping_access_log,authenticated,SELECT,False
public,market_order_shipping_access_log,authenticated,TRIGGER,False
public,market_order_shipping_access_log,authenticated,TRUNCATE,False
public,market_order_shipping_access_log,authenticated,UPDATE,False
public,market_order_shipping_access_log,service_role,DELETE,False
public,market_order_shipping_access_log,service_role,INSERT,False
public,market_order_shipping_access_log,service_role,MAINTAIN,False
public,market_order_shipping_access_log,service_role,REFERENCES,False
public,market_order_shipping_access_log,service_role,SELECT,False
public,market_order_shipping_access_log,service_role,TRIGGER,False
public,market_order_shipping_access_log,service_role,TRUNCATE,False
public,market_order_shipping_access_log,service_role,UPDATE,False
public,market_order_shipping_addresses,anon,DELETE,False
public,market_order_shipping_addresses,anon,INSERT,False
public,market_order_shipping_addresses,anon,MAINTAIN,False
public,market_order_shipping_addresses,anon,REFERENCES,False
public,market_order_shipping_addresses,anon,SELECT,False
public,market_order_shipping_addresses,anon,TRIGGER,False
public,market_order_shipping_addresses,anon,TRUNCATE,False
public,market_order_shipping_addresses,anon,UPDATE,False
public,market_order_shipping_addresses,authenticated,DELETE,False
public,market_order_shipping_addresses,authenticated,INSERT,False
public,market_order_shipping_addresses,authenticated,MAINTAIN,False
public,market_order_shipping_addresses,authenticated,REFERENCES,False
public,market_order_shipping_addresses,authenticated,SELECT,False
public,market_order_shipping_addresses,authenticated,TRIGGER,False
public,market_order_shipping_addresses,authenticated,TRUNCATE,False
public,market_order_shipping_addresses,authenticated,UPDATE,False
public,market_order_shipping_addresses,service_role,DELETE,False
public,market_order_shipping_addresses,service_role,INSERT,False
public,market_order_shipping_addresses,service_role,MAINTAIN,False
public,market_order_shipping_addresses,service_role,REFERENCES,False
public,market_order_shipping_addresses,service_role,SELECT,False
public,market_order_shipping_addresses,service_role,TRIGGER,False
public,market_order_shipping_addresses,service_role,TRUNCATE,False
public,market_order_shipping_addresses,service_role,UPDATE,False
public,market_orders,anon,DELETE,False
public,market_orders,anon,INSERT,False
public,market_orders,anon,MAINTAIN,False
public,market_orders,anon,REFERENCES,False
public,market_orders,anon,SELECT,False
public,market_orders,anon,TRIGGER,False
public,market_orders,anon,TRUNCATE,False
public,market_orders,anon,UPDATE,False
public,market_orders,authenticated,DELETE,False
public,market_orders,authenticated,INSERT,False
public,market_orders,authenticated,MAINTAIN,False
public,market_orders,authenticated,REFERENCES,False
public,market_orders,authenticated,SELECT,False
public,market_orders,authenticated,TRIGGER,False
public,market_orders,authenticated,TRUNCATE,False
public,market_orders,authenticated,UPDATE,False
public,market_orders,service_role,DELETE,False
public,market_orders,service_role,INSERT,False
public,market_orders,service_role,MAINTAIN,False
public,market_orders,service_role,REFERENCES,False
public,market_orders,service_role,SELECT,False
public,market_orders,service_role,TRIGGER,False
public,market_orders,service_role,TRUNCATE,False
public,market_orders,service_role,UPDATE,False
public,market_reviews,anon,DELETE,False
public,market_reviews,anon,INSERT,False
public,market_reviews,anon,MAINTAIN,False
public,market_reviews,anon,REFERENCES,False
public,market_reviews,anon,SELECT,False
public,market_reviews,anon,TRIGGER,False
public,market_reviews,anon,TRUNCATE,False
public,market_reviews,anon,UPDATE,False
public,market_reviews,authenticated,DELETE,False
public,market_reviews,authenticated,INSERT,False
public,market_reviews,authenticated,MAINTAIN,False
public,market_reviews,authenticated,REFERENCES,False
public,market_reviews,authenticated,SELECT,False
public,market_reviews,authenticated,TRIGGER,False
public,market_reviews,authenticated,TRUNCATE,False
public,market_reviews,authenticated,UPDATE,False
public,market_reviews,service_role,DELETE,False
public,market_reviews,service_role,INSERT,False
public,market_reviews,service_role,MAINTAIN,False
public,market_reviews,service_role,REFERENCES,False
public,market_reviews,service_role,SELECT,False
public,market_reviews,service_role,TRIGGER,False
public,market_reviews,service_role,TRUNCATE,False
public,market_reviews,service_role,UPDATE,False
public,market_seller_accounts,anon,DELETE,False
public,market_seller_accounts,anon,INSERT,False
public,market_seller_accounts,anon,MAINTAIN,False
public,market_seller_accounts,anon,REFERENCES,False
public,market_seller_accounts,anon,SELECT,False
public,market_seller_accounts,anon,TRIGGER,False
public,market_seller_accounts,anon,TRUNCATE,False
public,market_seller_accounts,anon,UPDATE,False
public,market_seller_accounts,authenticated,DELETE,False
public,market_seller_accounts,authenticated,INSERT,False
public,market_seller_accounts,authenticated,MAINTAIN,False
public,market_seller_accounts,authenticated,REFERENCES,False
public,market_seller_accounts,authenticated,SELECT,True
public,market_seller_accounts,authenticated,TRIGGER,False
public,market_seller_accounts,authenticated,TRUNCATE,False
public,market_seller_accounts,authenticated,UPDATE,False
public,market_seller_accounts,service_role,DELETE,False
public,market_seller_accounts,service_role,INSERT,False
public,market_seller_accounts,service_role,MAINTAIN,False
public,market_seller_accounts,service_role,REFERENCES,False
public,market_seller_accounts,service_role,SELECT,False
public,market_seller_accounts,service_role,TRIGGER,False
public,market_seller_accounts,service_role,TRUNCATE,False
public,market_seller_accounts,service_role,UPDATE,False
public,market_shipping_address_access_log,anon,DELETE,False
public,market_shipping_address_access_log,anon,INSERT,False
public,market_shipping_address_access_log,anon,MAINTAIN,False
public,market_shipping_address_access_log,anon,REFERENCES,False
public,market_shipping_address_access_log,anon,SELECT,False
public,market_shipping_address_access_log,anon,TRIGGER,False
public,market_shipping_address_access_log,anon,TRUNCATE,False
public,market_shipping_address_access_log,anon,UPDATE,False
public,market_shipping_address_access_log,authenticated,DELETE,False
public,market_shipping_address_access_log,authenticated,INSERT,False
public,market_shipping_address_access_log,authenticated,MAINTAIN,False
public,market_shipping_address_access_log,authenticated,REFERENCES,False
public,market_shipping_address_access_log,authenticated,SELECT,False
public,market_shipping_address_access_log,authenticated,TRIGGER,False
public,market_shipping_address_access_log,authenticated,TRUNCATE,False
public,market_shipping_address_access_log,authenticated,UPDATE,False
public,market_shipping_address_access_log,service_role,DELETE,False
public,market_shipping_address_access_log,service_role,INSERT,False
public,market_shipping_address_access_log,service_role,MAINTAIN,False
public,market_shipping_address_access_log,service_role,REFERENCES,False
public,market_shipping_address_access_log,service_role,SELECT,False
public,market_shipping_address_access_log,service_role,TRIGGER,False
public,market_shipping_address_access_log,service_role,TRUNCATE,False
public,market_shipping_address_access_log,service_role,UPDATE,False
public,market_shipping_profile_rules,anon,DELETE,False
public,market_shipping_profile_rules,anon,INSERT,False
public,market_shipping_profile_rules,anon,MAINTAIN,False
public,market_shipping_profile_rules,anon,REFERENCES,False
public,market_shipping_profile_rules,anon,SELECT,False
public,market_shipping_profile_rules,anon,TRIGGER,False
public,market_shipping_profile_rules,anon,TRUNCATE,False
public,market_shipping_profile_rules,anon,UPDATE,False
public,market_shipping_profile_rules,authenticated,DELETE,False
public,market_shipping_profile_rules,authenticated,INSERT,False
public,market_shipping_profile_rules,authenticated,MAINTAIN,False
public,market_shipping_profile_rules,authenticated,REFERENCES,False
public,market_shipping_profile_rules,authenticated,SELECT,False
public,market_shipping_profile_rules,authenticated,TRIGGER,False
public,market_shipping_profile_rules,authenticated,TRUNCATE,False
public,market_shipping_profile_rules,authenticated,UPDATE,False
public,market_shipping_profile_rules,service_role,DELETE,False
public,market_shipping_profile_rules,service_role,INSERT,False
public,market_shipping_profile_rules,service_role,MAINTAIN,False
public,market_shipping_profile_rules,service_role,REFERENCES,False
public,market_shipping_profile_rules,service_role,SELECT,False
public,market_shipping_profile_rules,service_role,TRIGGER,False
public,market_shipping_profile_rules,service_role,TRUNCATE,False
public,market_shipping_profile_rules,service_role,UPDATE,False
public,market_shipping_profiles,anon,DELETE,False
public,market_shipping_profiles,anon,INSERT,False
public,market_shipping_profiles,anon,MAINTAIN,False
public,market_shipping_profiles,anon,REFERENCES,False
public,market_shipping_profiles,anon,SELECT,False
public,market_shipping_profiles,anon,TRIGGER,False
public,market_shipping_profiles,anon,TRUNCATE,False
public,market_shipping_profiles,anon,UPDATE,False
public,market_shipping_profiles,authenticated,DELETE,False
public,market_shipping_profiles,authenticated,INSERT,False
public,market_shipping_profiles,authenticated,MAINTAIN,False
public,market_shipping_profiles,authenticated,REFERENCES,False
public,market_shipping_profiles,authenticated,SELECT,False
public,market_shipping_profiles,authenticated,TRIGGER,False
public,market_shipping_profiles,authenticated,TRUNCATE,False
public,market_shipping_profiles,authenticated,UPDATE,False
public,market_shipping_profiles,service_role,DELETE,False
public,market_shipping_profiles,service_role,INSERT,False
public,market_shipping_profiles,service_role,MAINTAIN,False
public,market_shipping_profiles,service_role,REFERENCES,False
public,market_shipping_profiles,service_role,SELECT,False
public,market_shipping_profiles,service_role,TRIGGER,False
public,market_shipping_profiles,service_role,TRUNCATE,False
public,market_shipping_profiles,service_role,UPDATE,False
public,profiles,anon,DELETE,False
public,profiles,anon,INSERT,False
public,profiles,anon,MAINTAIN,False
public,profiles,anon,REFERENCES,False
public,profiles,anon,SELECT,False
public,profiles,anon,TRIGGER,False
public,profiles,anon,TRUNCATE,False
public,profiles,anon,UPDATE,False
public,profiles,authenticated,DELETE,False
public,profiles,authenticated,INSERT,False
public,profiles,authenticated,MAINTAIN,False
public,profiles,authenticated,REFERENCES,False
public,profiles,authenticated,SELECT,True
public,profiles,authenticated,TRIGGER,False
public,profiles,authenticated,TRUNCATE,False
public,profiles,authenticated,UPDATE,True
public,profiles,service_role,DELETE,False
public,profiles,service_role,INSERT,False
public,profiles,service_role,MAINTAIN,False
public,profiles,service_role,REFERENCES,False
public,profiles,service_role,SELECT,True
public,profiles,service_role,TRIGGER,False
public,profiles,service_role,TRUNCATE,False
public,profiles,service_role,UPDATE,False
public,staff_applications,anon,DELETE,False
public,staff_applications,anon,INSERT,False
public,staff_applications,anon,MAINTAIN,False
public,staff_applications,anon,REFERENCES,False
public,staff_applications,anon,SELECT,False
public,staff_applications,anon,TRIGGER,False
public,staff_applications,anon,TRUNCATE,False
public,staff_applications,anon,UPDATE,False
public,staff_applications,authenticated,DELETE,False
public,staff_applications,authenticated,INSERT,False
public,staff_applications,authenticated,MAINTAIN,False
public,staff_applications,authenticated,REFERENCES,False
public,staff_applications,authenticated,SELECT,True
public,staff_applications,authenticated,TRIGGER,False
public,staff_applications,authenticated,TRUNCATE,False
public,staff_applications,authenticated,UPDATE,False
public,staff_applications,service_role,DELETE,False
public,staff_applications,service_role,INSERT,False
public,staff_applications,service_role,MAINTAIN,False
public,staff_applications,service_role,REFERENCES,False
public,staff_applications,service_role,SELECT,False
public,staff_applications,service_role,TRIGGER,False
public,staff_applications,service_role,TRUNCATE,False
public,staff_applications,service_role,UPDATE,False
public,staff_permissions,anon,DELETE,False
public,staff_permissions,anon,INSERT,False
public,staff_permissions,anon,MAINTAIN,False
public,staff_permissions,anon,REFERENCES,False
public,staff_permissions,anon,SELECT,False
public,staff_permissions,anon,TRIGGER,False
public,staff_permissions,anon,TRUNCATE,False
public,staff_permissions,anon,UPDATE,False
public,staff_permissions,authenticated,DELETE,False
public,staff_permissions,authenticated,INSERT,False
public,staff_permissions,authenticated,MAINTAIN,False
public,staff_permissions,authenticated,REFERENCES,False
public,staff_permissions,authenticated,SELECT,True
public,staff_permissions,authenticated,TRIGGER,False
public,staff_permissions,authenticated,TRUNCATE,False
public,staff_permissions,authenticated,UPDATE,False
public,staff_permissions,service_role,DELETE,False
public,staff_permissions,service_role,INSERT,False
public,staff_permissions,service_role,MAINTAIN,False
public,staff_permissions,service_role,REFERENCES,False
public,staff_permissions,service_role,SELECT,False
public,staff_permissions,service_role,TRIGGER,False
public,staff_permissions,service_role,TRUNCATE,False
public,staff_permissions,service_role,UPDATE,False
public,username_reservations,anon,DELETE,False
public,username_reservations,anon,INSERT,False
public,username_reservations,anon,MAINTAIN,False
public,username_reservations,anon,REFERENCES,False
public,username_reservations,anon,SELECT,False
public,username_reservations,anon,TRIGGER,False
public,username_reservations,anon,TRUNCATE,False
public,username_reservations,anon,UPDATE,False
public,username_reservations,authenticated,DELETE,False
public,username_reservations,authenticated,INSERT,False
public,username_reservations,authenticated,MAINTAIN,False
public,username_reservations,authenticated,REFERENCES,False
public,username_reservations,authenticated,SELECT,False
public,username_reservations,authenticated,TRIGGER,False
public,username_reservations,authenticated,TRUNCATE,False
public,username_reservations,authenticated,UPDATE,False
public,username_reservations,service_role,DELETE,False
public,username_reservations,service_role,INSERT,False
public,username_reservations,service_role,MAINTAIN,False
public,username_reservations,service_role,REFERENCES,False
public,username_reservations,service_role,SELECT,False
public,username_reservations,service_role,TRIGGER,False
public,username_reservations,service_role,TRUNCATE,False
public,username_reservations,service_role,UPDATE,False
